This is XeTeX, Version 3.141592653-2.6-0.999996 (TeX Live 2024) (preloaded format=xelatex 2024.8.29)  17 JUN 2026 20:38
entering extended mode
 restricted \write18 enabled.
 file:line:error style messages enabled.
 %&-line parsing enabled.
**main
(./main.tex
LaTeX2e <2023-11-01> patch level 1
L3 programming layer <2024-02-20>
(./vividbook.cls
Document Class: vividbook 2023/05/20 v6.0-alpha VividBook doc
(e:/latex/texlive/2024/texmf-dist/tex/latex/kvoptions/kvoptions.sty
Package: kvoptions 2022-06-15 v3.15 Key value format for package options (HO)
 (e:/latex/texlive/2024/texmf-dist/tex/latex/graphics/keyval.sty
Package: keyval 2022/05/29 v1.15 key=value parser (DPC)
\KV@toks@=\toks17
) (e:/latex/texlive/2024/texmf-dist/tex/generic/ltxcmds/ltxcmds.sty
Package: ltxcmds 2023-12-04 v1.26 LaTeX kernel commands for general use (HO)
) (e:/latex/texlive/2024/texmf-dist/tex/latex/kvsetkeys/kvsetkeys.sty
Package: kvsetkeys 2022-10-05 v1.19 Key value parser (HO)
)) (e:/latex/texlive/2024/texmf-dist/tex/latex/etoolbox/etoolbox.sty
Package: etoolbox 2020/10/05 v2.5k e-TeX tools for LaTeX (JAW)
\etb@tempcnta=\count184
) (e:/latex/texlive/2024/texmf-dist/tex/latex/base/book.cls
Document Class: book 2023/05/17 v1.4n Standard LaTeX document class
(e:/latex/texlive/2024/texmf-dist/tex/latex/base/bk10.clo
File: bk10.clo 2023/05/17 v1.4n Standard LaTeX file (size option)
)
\c@part=\count185
\c@chapter=\count186
\c@section=\count187
\c@subsection=\count188
\c@subsubsection=\count189
\c@paragraph=\count190
\c@subparagraph=\count191
\c@figure=\count192
\c@table=\count193
\abovecaptionskip=\skip48
\belowcaptionskip=\skip49
\bibindent=\dimen140
) (e:/latex/texlive/2024/texmf-dist/tex/latex/setspace/setspace.sty
Package: setspace 2022/12/04 v6.7b set line spacing
) (e:/latex/texlive/2024/texmf-dist/tex/latex/csquotes/csquotes.sty
Package: csquotes 2022-09-14 v5.2n context-sensitive quotations (JAW)
\csq@reset=\count194
\csq@gtype=\count195
\csq@glevel=\count196
\csq@qlevel=\count197
\csq@maxlvl=\count198
\csq@tshold=\count199
\csq@ltx@everypar=\toks18
 (e:/latex/texlive/2024/texmf-dist/tex/latex/csquotes/csquotes.def
File: csquotes.def 2022-09-14 v5.2n csquotes generic definitions (JAW)
)
Package csquotes Info: Trying to load configuration file 'csquotes.cfg'...
Package csquotes Info: ... configuration file loaded successfully.
 (e:/latex/texlive/2024/texmf-dist/tex/latex/csquotes/csquotes.cfg
File: csquotes.cfg 
)) (e:/latex/texlive/2024/texmf-dist/tex/latex/hyperref/hyperref.sty
Package: hyperref 2024-01-20 v7.01h Hypertext links for LaTeX
 (e:/latex/texlive/2024/texmf-dist/tex/generic/iftex/iftex.sty
Package: iftex 2022/02/03 v1.0f TeX engine tests
) (e:/latex/texlive/2024/texmf-dist/tex/generic/kvdefinekeys/kvdefinekeys.sty
Package: kvdefinekeys 2019-12-19 v1.6 Define keys (HO)
) (e:/latex/texlive/2024/texmf-dist/tex/generic/pdfescape/pdfescape.sty
Package: pdfescape 2019/12/09 v1.15 Implements pdfTeX's escape features (HO)
 (e:/latex/texlive/2024/texmf-dist/tex/generic/pdftexcmds/pdftexcmds.sty
Package: pdftexcmds 2020-06-27 v0.33 Utility functions of pdfTeX for LuaTeX (HO)
 (e:/latex/texlive/2024/texmf-dist/tex/generic/infwarerr/infwarerr.sty
Package: infwarerr 2019/12/03 v1.5 Providing info/warning/error messages (HO)
)
Package pdftexcmds Info: \pdf@primitive is available.
Package pdftexcmds Info: \pdf@ifprimitive is available.
Package pdftexcmds Info: \pdfdraftmode not found.
)) (e:/latex/texlive/2024/texmf-dist/tex/latex/hycolor/hycolor.sty
Package: hycolor 2020-01-27 v1.10 Color options for hyperref/bookmark (HO)
) (e:/latex/texlive/2024/texmf-dist/tex/latex/auxhook/auxhook.sty
Package: auxhook 2019-12-17 v1.6 Hooks for auxiliary files (HO)
) (e:/latex/texlive/2024/texmf-dist/tex/latex/hyperref/nameref.sty
Package: nameref 2023-11-26 v2.56 Cross-referencing by name of section
 (e:/latex/texlive/2024/texmf-dist/tex/latex/refcount/refcount.sty
Package: refcount 2019/12/15 v3.6 Data extraction from label references (HO)
) (e:/latex/texlive/2024/texmf-dist/tex/generic/gettitlestring/gettitlestring.sty
Package: gettitlestring 2019/12/15 v1.6 Cleanup title references (HO)
)
\c@section@level=\count266
)
\@linkdim=\dimen141
\Hy@linkcounter=\count267
\Hy@pagecounter=\count268
 (e:/latex/texlive/2024/texmf-dist/tex/latex/hyperref/pd1enc.def
File: pd1enc.def 2024-01-20 v7.01h Hyperref: PDFDocEncoding definition (HO)
) (e:/latex/texlive/2024/texmf-dist/tex/generic/intcalc/intcalc.sty
Package: intcalc 2019/12/15 v1.3 Expandable calculations with integers (HO)
)
\Hy@SavedSpaceFactor=\count269
 (e:/latex/texlive/2024/texmf-dist/tex/latex/hyperref/puenc.def
File: puenc.def 2024-01-20 v7.01h Hyperref: PDF Unicode definition (HO)
)
Package hyperref Info: Hyper figures OFF on input line 4179.
Package hyperref Info: Link nesting OFF on input line 4184.
Package hyperref Info: Hyper index ON on input line 4187.
Package hyperref Info: Plain pages OFF on input line 4194.
Package hyperref Info: Backreferencing OFF on input line 4199.
Package hyperref Info: Implicit mode ON; LaTeX internals redefined.
Package hyperref Info: Bookmarks ON on input line 4446.
\c@Hy@tempcnt=\count270
 (e:/latex/texlive/2024/texmf-dist/tex/latex/url/url.sty
\Urlmuskip=\muskip16
Package: url 2013/09/16  ver 3.4  Verb mode for urls, etc.
)
LaTeX Info: Redefining \url on input line 4784.
\XeTeXLinkMargin=\dimen142
 (e:/latex/texlive/2024/texmf-dist/tex/generic/bitset/bitset.sty
Package: bitset 2019/12/09 v1.3 Handle bit-vector datatype (HO)
 (e:/latex/texlive/2024/texmf-dist/tex/generic/bigintcalc/bigintcalc.sty
Package: bigintcalc 2019/12/15 v1.5 Expandable calculations on big integers (HO)
))
\Fld@menulength=\count271
\Field@Width=\dimen143
\Fld@charsize=\dimen144
Package hyperref Info: Hyper figures OFF on input line 6063.
Package hyperref Info: Link nesting OFF on input line 6068.
Package hyperref Info: Hyper index ON on input line 6071.
Package hyperref Info: backreferencing OFF on input line 6078.
Package hyperref Info: Link coloring OFF on input line 6083.
Package hyperref Info: Link coloring with OCG OFF on input line 6088.
Package hyperref Info: PDF/A mode OFF on input line 6093.
 (e:/latex/texlive/2024/texmf-dist/tex/latex/base/atbegshi-ltx.sty
Package: atbegshi-ltx 2021/01/10 v1.0c Emulation of the original atbegshi
package with kernel methods
)
\Hy@abspage=\count272
\c@Item=\count273
\c@Hfootnote=\count274
)
Package hyperref Info: Driver (autodetected): hxetex.
 (e:/latex/texlive/2024/texmf-dist/tex/latex/hyperref/hxetex.def
File: hxetex.def 2024-01-20 v7.01h Hyperref driver for XeTeX
 (e:/latex/texlive/2024/texmf-dist/tex/generic/stringenc/stringenc.sty
Package: stringenc 2019/11/29 v1.12 Convert strings between diff. encodings (HO)
)
\pdfm@box=\box51
\c@Hy@AnnotLevel=\count275
\HyField@AnnotCount=\count276
\Fld@listcount=\count277
\c@bookmark@seq@number=\count278
 (e:/latex/texlive/2024/texmf-dist/tex/latex/rerunfilecheck/rerunfilecheck.sty
Package: rerunfilecheck 2022-07-10 v1.10 Rerun checks for auxiliary files (HO)
 (e:/latex/texlive/2024/texmf-dist/tex/latex/base/atveryend-ltx.sty
Package: atveryend-ltx 2020/08/19 v1.0a Emulation of the original atveryend package
with kernel methods
) (e:/latex/texlive/2024/texmf-dist/tex/generic/uniquecounter/uniquecounter.sty
Package: uniquecounter 2019/12/15 v1.4 Provide unlimited unique counter (HO)
)
Package uniquecounter Info: New unique counter `rerunfilecheck' on input line 285.
)
\Hy@SectionHShift=\skip50
)
Package hyperref Info: Option `breaklinks' set `true' on input line 122.
Package hyperref Info: Option `unicode' set `true' on input line 122.
Package hyperref Info: Option `bookmarksnumbered' set `true' on input line 122.
Package hyperref Info: Option `bookmarksopen' set `true' on input line 122.
Package hyperref Info: Option `colorlinks' set `true' on input line 122.
Package hyperref Info: Option `plainpages' set `false' on input line 122.
Package hyperref Info: Option `linktocpage' set `true' on input line 122.
 (e:/latex/texlive/2024/texmf-dist/tex/latex/geometry/geometry.sty
Package: geometry 2020/01/02 v5.9 Page Geometry
 (e:/latex/texlive/2024/texmf-dist/tex/generic/iftex/ifvtex.sty
Package: ifvtex 2019/10/25 v1.7 ifvtex legacy package. Use iftex instead.
)
\Gm@cnth=\count279
\Gm@cntv=\count280
\c@Gm@tempcnt=\count281
\Gm@bindingoffset=\dimen145
\Gm@wd@mp=\dimen146
\Gm@odd@mp=\dimen147
\Gm@even@mp=\dimen148
\Gm@layoutwidth=\dimen149
\Gm@layoutheight=\dimen150
\Gm@layouthoffset=\dimen151
\Gm@layoutvoffset=\dimen152
\Gm@dimlist=\toks19
) (e:/latex/texlive/2024/texmf-dist/tex/latex/tools/indentfirst.sty
Package: indentfirst 2023/07/02 v1.03 Indent first paragraph (DPC)
) (e:/latex/texlive/2024/texmf-dist/tex/latex/comment/comment.sty
\CommentStream=\write3
 Excluding comment 'comment') (e:/latex/texlive/2024/texmf-dist/tex/latex/fontspec/fontspec.sty (e:/latex/texlive/2024/texmf-dist/tex/latex/l3packages/xparse/xparse.sty (e:/latex/texlive/2024/texmf-dist/tex/latex/l3kernel/expl3.sty
Package: expl3 2024-02-20 L3 programming layer (loader) 
 (e:/latex/texlive/2024/texmf-dist/tex/latex/l3backend/l3backend-xetex.def
File: l3backend-xetex.def 2024-02-20 L3 backend support: XeTeX
\g__graphics_track_int=\count282
\l__pdf_internal_box=\box52
\g__pdf_backend_object_int=\count283
\g__pdf_backend_annotation_int=\count284
\g__pdf_backend_link_int=\count285
))
Package: xparse 2024-02-18 L3 Experimental document command parser
)
Package: fontspec 2024/02/13 v2.9a Font selection for XeLaTeX and LuaLaTeX
 (e:/latex/texlive/2024/texmf-dist/tex/latex/fontspec/fontspec-xetex.sty
Package: fontspec-xetex 2024/02/13 v2.9a Font selection for XeLaTeX and LuaLaTeX
\l__fontspec_script_int=\count286
\l__fontspec_language_int=\count287
\l__fontspec_strnum_int=\count288
\l__fontspec_tmp_int=\count289
\l__fontspec_tmpa_int=\count290
\l__fontspec_tmpb_int=\count291
\l__fontspec_tmpc_int=\count292
\l__fontspec_em_int=\count293
\l__fontspec_emdef_int=\count294
\l__fontspec_strong_int=\count295
\l__fontspec_strongdef_int=\count296
\l__fontspec_tmpa_dim=\dimen153
\l__fontspec_tmpb_dim=\dimen154
\l__fontspec_tmpc_dim=\dimen155
 (e:/latex/texlive/2024/texmf-dist/tex/latex/base/fontenc.sty
Package: fontenc 2021/04/29 v2.0v Standard LaTeX package
) (e:/latex/texlive/2024/texmf-dist/tex/latex/fontspec/fontspec.cfg))) (e:/latex/texlive/2024/texmf-dist/tex/latex/newtx/TeXGyreTermesX.fontspec)
LaTeX Font Info:    Font shape `TU/TeXGyreTermesX(0)/m/n' will be
(Font)              scaled to size 10.0pt on input line 180.
 (e:/latex/texlive/2024/texmf-dist/tex/latex/lm/lmodern.sty
Package: lmodern 2015/05/01 v1.6.1 Latin Modern Fonts
LaTeX Font Info:    Overwriting symbol font `operators' in version `normal'
(Font)                  OT1/cmr/m/n --> OT1/lmr/m/n on input line 22.
LaTeX Font Info:    Overwriting symbol font `letters' in version `normal'
(Font)                  OML/cmm/m/it --> OML/lmm/m/it on input line 23.
LaTeX Font Info:    Overwriting symbol font `symbols' in version `normal'
(Font)                  OMS/cmsy/m/n --> OMS/lmsy/m/n on input line 24.
LaTeX Font Info:    Overwriting symbol font `largesymbols' in version `normal'
(Font)                  OMX/cmex/m/n --> OMX/lmex/m/n on input line 25.
LaTeX Font Info:    Overwriting symbol font `operators' in version `bold'
(Font)                  OT1/cmr/bx/n --> OT1/lmr/bx/n on input line 26.
LaTeX Font Info:    Overwriting symbol font `letters' in version `bold'
(Font)                  OML/cmm/b/it --> OML/lmm/b/it on input line 27.
LaTeX Font Info:    Overwriting symbol font `symbols' in version `bold'
(Font)                  OMS/cmsy/b/n --> OMS/lmsy/b/n on input line 28.
LaTeX Font Info:    Overwriting symbol font `largesymbols' in version `bold'
(Font)                  OMX/cmex/m/n --> OMX/lmex/m/n on input line 29.
LaTeX Font Info:    Overwriting math alphabet `\mathbf' in version `normal'
(Font)                  OT1/cmr/bx/n --> OT1/lmr/bx/n on input line 31.
LaTeX Font Info:    Overwriting math alphabet `\mathsf' in version `normal'
(Font)                  OT1/cmss/m/n --> OT1/lmss/m/n on input line 32.
LaTeX Font Info:    Overwriting math alphabet `\mathit' in version `normal'
(Font)                  OT1/cmr/m/it --> OT1/lmr/m/it on input line 33.
LaTeX Font Info:    Overwriting math alphabet `\mathtt' in version `normal'
(Font)                  OT1/cmtt/m/n --> OT1/lmtt/m/n on input line 34.
LaTeX Font Info:    Overwriting math alphabet `\mathbf' in version `bold'
(Font)                  OT1/cmr/bx/n --> OT1/lmr/bx/n on input line 35.
LaTeX Font Info:    Overwriting math alphabet `\mathsf' in version `bold'
(Font)                  OT1/cmss/bx/n --> OT1/lmss/bx/n on input line 36.
LaTeX Font Info:    Overwriting math alphabet `\mathit' in version `bold'
(Font)                  OT1/cmr/bx/it --> OT1/lmr/bx/it on input line 37.
LaTeX Font Info:    Overwriting math alphabet `\mathtt' in version `bold'
(Font)                  OT1/cmtt/m/n --> OT1/lmtt/m/n on input line 38.
) (e:/latex/texlive/2024/texmf-dist/tex/latex/ctex/ctex.sty
Package: ctex 2022/07/14 v2.5.10 Chinese adapter in LaTeX (CTEX)
 (e:/latex/texlive/2024/texmf-dist/tex/latex/ctex/ctexhook.sty
Package: ctexhook 2022/07/14 v2.5.10 Document and package hooks (CTEX)
) (e:/latex/texlive/2024/texmf-dist/tex/latex/ctex/ctexpatch.sty
Package: ctexpatch 2022/07/14 v2.5.10 Patching commands (CTEX)
) (e:/latex/texlive/2024/texmf-dist/tex/latex/base/fix-cm.sty
Package: fix-cm 2020/11/24 v1.1t fixes to LaTeX
 (e:/latex/texlive/2024/texmf-dist/tex/latex/base/ts1enc.def
File: ts1enc.def 2001/06/05 v3.0e (jk/car/fm) Standard LaTeX file
LaTeX Font Info:    Redeclaring font encoding TS1 on input line 47.
))
\l__ctex_tmp_int=\count297
\l__ctex_tmp_box=\box53
\l__ctex_tmp_dim=\dimen156
\g__ctex_section_depth_int=\count298
\g__ctex_font_size_int=\count299
 (e:/latex/texlive/2024/texmf-dist/tex/latex/ctex/config/ctexopts.cfg
File: ctexopts.cfg 2022/07/14 v2.5.10 Option configuration file (CTEX)
) (e:/latex/texlive/2024/texmf-dist/tex/latex/ctex/engine/ctex-engine-xetex.def
File: ctex-engine-xetex.def 2022/07/14 v2.5.10 XeLaTeX adapter (CTEX)
 (e:/latex/texlive/2024/texmf-dist/tex/xelatex/xecjk/xeCJK.sty
Package: xeCJK 2022/08/05 v3.9.1 Typesetting CJK scripts with XeLaTeX
 (e:/latex/texlive/2024/texmf-dist/tex/latex/l3packages/xtemplate/xtemplate.sty (e:/latex/texlive/2024/texmf-dist/tex/latex/l3packages/xtemplate/xtemplate-2023-10-10.sty
Package: xtemplate 2023-10-10 L3 Experimental prototype document functions
\l__xtemplate_tmp_dim=\dimen157
\l__xtemplate_tmp_int=\count300
\l__xtemplate_tmp_muskip=\muskip17
\l__xtemplate_tmp_skip=\skip51
))
\l__xeCJK_tmp_int=\count301
\l__xeCJK_tmp_box=\box54
\l__xeCJK_tmp_dim=\dimen158
\l__xeCJK_tmp_skip=\skip52
\g__xeCJK_space_factor_int=\count302
\l__xeCJK_begin_int=\count303
\l__xeCJK_end_int=\count304
\c__xeCJK_CJK_class_int=\XeTeXcharclass1
\c__xeCJK_FullLeft_class_int=\XeTeXcharclass2
\c__xeCJK_FullRight_class_int=\XeTeXcharclass3
\c__xeCJK_HalfLeft_class_int=\XeTeXcharclass4
\c__xeCJK_HalfRight_class_int=\XeTeXcharclass5
\c__xeCJK_NormalSpace_class_int=\XeTeXcharclass6
\c__xeCJK_CM_class_int=\XeTeXcharclass7
\c__xeCJK_HangulJamo_class_int=\XeTeXcharclass8
\l__xeCJK_last_skip=\skip53
\c__xeCJK_none_node=\count305
\g__xeCJK_node_int=\count306
\c__xeCJK_CJK_node_dim=\dimen159
\c__xeCJK_CJK-space_node_dim=\dimen160
\c__xeCJK_default_node_dim=\dimen161
\c__xeCJK_CJK-widow_node_dim=\dimen162
\c__xeCJK_normalspace_node_dim=\dimen163
\c__xeCJK_default-space_node_skip=\skip54
\l__xeCJK_ccglue_skip=\skip55
\l__xeCJK_ecglue_skip=\skip56
\l__xeCJK_punct_kern_skip=\skip57
\l__xeCJK_indent_box=\box55
\l__xeCJK_last_penalty_int=\count307
\l__xeCJK_last_bound_dim=\dimen164
\l__xeCJK_last_kern_dim=\dimen165
\l__xeCJK_widow_penalty_int=\count308

Package xtemplate Info: Declaring object type 'xeCJK/punctuation' taking 0
(xtemplate)             argument(s) on line 2396.

\l__xeCJK_fixed_punct_width_dim=\dimen166
\l__xeCJK_mixed_punct_width_dim=\dimen167
\l__xeCJK_middle_punct_width_dim=\dimen168
\l__xeCJK_fixed_margin_width_dim=\dimen169
\l__xeCJK_mixed_margin_width_dim=\dimen170
\l__xeCJK_middle_margin_width_dim=\dimen171
\l__xeCJK_bound_punct_width_dim=\dimen172
\l__xeCJK_bound_margin_width_dim=\dimen173
\l__xeCJK_margin_minimum_dim=\dimen174
\l__xeCJK_kerning_total_width_dim=\dimen175
\l__xeCJK_same_align_margin_dim=\dimen176
\l__xeCJK_different_align_margin_dim=\dimen177
\l__xeCJK_kerning_margin_width_dim=\dimen178
\l__xeCJK_kerning_margin_minimum_dim=\dimen179
\l__xeCJK_bound_dim=\dimen180
\l__xeCJK_reverse_bound_dim=\dimen181
\l__xeCJK_margin_dim=\dimen182
\l__xeCJK_minimum_bound_dim=\dimen183
\l__xeCJK_kerning_margin_dim=\dimen184
\g__xeCJK_family_int=\count309
\l__xeCJK_fam_int=\count310
\g__xeCJK_fam_allocation_int=\count311
\l__xeCJK_verb_case_int=\count312
\l__xeCJK_verb_exspace_skip=\skip58
 (e:/latex/texlive/2024/texmf-dist/tex/xelatex/xecjk/xeCJK.cfg
File: xeCJK.cfg 2022/08/05 v3.9.1 Configuration file for xeCJK package
))
\ccwd=\dimen185
\l__ctex_ccglue_skip=\skip59
)
\l__ctex_ziju_dim=\dimen186
 (e:/latex/texlive/2024/texmf-dist/tex/latex/zhnumber/zhnumber.sty
Package: zhnumber 2022/07/14 v3.0 Typesetting numbers with Chinese glyphs
\l__zhnum_scale_int=\count313
\l__zhnum_tmp_int=\count314
 (e:/latex/texlive/2024/texmf-dist/tex/latex/zhnumber/zhnumber-utf8.cfg
File: zhnumber-utf8.cfg 2022/07/14 v3.0 Chinese numerals with UTF8 encoding
)) (e:/latex/texlive/2024/texmf-dist/tex/latex/ctex/scheme/ctex-scheme-plain.def
File: ctex-scheme-plain.def 2022/07/14 v2.5.10 Plain scheme for generic (CTEX)
) (e:/latex/texlive/2024/texmf-dist/tex/latex/ctex/fontset/ctex-fontset-windows.def
File: ctex-fontset-windows.def 2022/07/14 v2.5.10 Windows fonts definition (CTEX)
)) (e:/latex/texlive/2024/texmf-dist/tex/latex/ctex/config/ctex.cfg
File: ctex.cfg 2022/07/14 v2.5.10 Configuration file (CTEX)
) (e:/latex/texlive/2024/texmf-dist/tex/latex/anyfontsize/anyfontsize.sty
Invalid UTF-8 byte or sequence at line 3 replaced by U+FFFD.
Invalid UTF-8 byte or sequence at line 3 replaced by U+FFFD.
Package: anyfontsize 2007/11/22 anyfontsize.sty by pts
) (e:/latex/texlive/2024/texmf-dist/tex/latex/newtx/newtxmath.sty
Package: newtxmath 2024/03/06 v1.742
 `newtxmath' v1.742, 2024/03/06 Math macros based originally on txfonts (msharpe) (e:/latex/texlive/2024/texmf-dist/tex/latex/amsmath/amsmath.sty
Package: amsmath 2023/05/13 v2.17o AMS math features
\@mathmargin=\skip60

For additional information on amsmath, use the `?' option.
(e:/latex/texlive/2024/texmf-dist/tex/latex/amsmath/amstext.sty
Package: amstext 2021/08/26 v2.01 AMS text
 (e:/latex/texlive/2024/texmf-dist/tex/latex/amsmath/amsgen.sty
File: amsgen.sty 1999/11/30 v2.0 generic functions
\@emptytoks=\toks20
\ex@=\dimen187
)) (e:/latex/texlive/2024/texmf-dist/tex/latex/amsmath/amsbsy.sty
Package: amsbsy 1999/11/29 v1.2d Bold Symbols
\pmbraise@=\dimen188
) (e:/latex/texlive/2024/texmf-dist/tex/latex/amsmath/amsopn.sty
Package: amsopn 2022/04/08 v2.04 operator names
)
\inf@bad=\count315
LaTeX Info: Redefining \frac on input line 234.
\uproot@=\count316
\leftroot@=\count317
LaTeX Info: Redefining \overline on input line 399.
LaTeX Info: Redefining \colon on input line 410.
\classnum@=\count318
\DOTSCASE@=\count319
LaTeX Info: Redefining \ldots on input line 496.
LaTeX Info: Redefining \dots on input line 499.
LaTeX Info: Redefining \cdots on input line 620.
\Mathstrutbox@=\box56
\strutbox@=\box57
LaTeX Info: Redefining \big on input line 722.
LaTeX Info: Redefining \Big on input line 723.
LaTeX Info: Redefining \bigg on input line 724.
LaTeX Info: Redefining \Bigg on input line 725.
\big@size=\dimen189
LaTeX Font Info:    Redeclaring font encoding OML on input line 743.
LaTeX Font Info:    Redeclaring font encoding OMS on input line 744.
\macc@depth=\count320
LaTeX Info: Redefining \bmod on input line 905.
LaTeX Info: Redefining \pmod on input line 910.
LaTeX Info: Redefining \smash on input line 940.
LaTeX Info: Redefining \relbar on input line 970.
LaTeX Info: Redefining \Relbar on input line 971.
\c@MaxMatrixCols=\count321
\dotsspace@=\muskip18
\c@parentequation=\count322
\dspbrk@lvl=\count323
\tag@help=\toks21
\row@=\count324
\column@=\count325
\maxfields@=\count326
\andhelp@=\toks22
\eqnshift@=\dimen190
\alignsep@=\dimen191
\tagshift@=\dimen192
\tagwidth@=\dimen193
\totwidth@=\dimen194
\lineht@=\dimen195
\@envbody=\toks23
\multlinegap=\skip61
\multlinetaggap=\skip62
\mathdisplay@stack=\toks24
LaTeX Info: Redefining \[ on input line 2953.
LaTeX Info: Redefining \] on input line 2954.
) (e:/latex/texlive/2024/texmf-dist/tex/latex/base/ifthen.sty
Package: ifthen 2022/04/13 v1.1d Standard LaTeX ifthen package (DPC)
) (e:/latex/texlive/2024/texmf-dist/tex/latex/xkeyval/xkeyval.sty
Package: xkeyval 2022/06/16 v2.9 package option processing (HA)
 (e:/latex/texlive/2024/texmf-dist/tex/generic/xkeyval/xkeyval.tex (e:/latex/texlive/2024/texmf-dist/tex/generic/xkeyval/xkvutils.tex
\XKV@toks=\toks25
\XKV@tempa@toks=\toks26
)
\XKV@depth=\count327
File: xkeyval.tex 2014/12/03 v2.7a key=value parser (HA)
)) (e:/latex/texlive/2024/texmf-dist/tex/latex/oberdiek/centernot.sty
Package: centernot 2016/05/16 v1.4 Centers the not symbol horizontally (HO)
)
\tx@cntz=\count328
 (e:/latex/texlive/2024/texmf-dist/tex/generic/kastrup/binhex.tex)
\tx@Isdigit=\count329
\tx@IsAlNum=\count330
\tx@tA=\toks27
\tx@tB=\toks28
\tx@su=\read2

amsthm NOT loaded
LaTeX Font Info:    Redeclaring symbol font `operators' on input line 393.
LaTeX Font Info:    Overwriting symbol font `operators' in version `normal'
(Font)                  OT1/lmr/m/n --> OT1/ntxtlf/m/n on input line 393.
LaTeX Font Info:    Overwriting symbol font `operators' in version `bold'
(Font)                  OT1/lmr/bx/n --> OT1/ntxtlf/m/n on input line 393.
LaTeX Font Info:    Overwriting symbol font `operators' in version `bold'
(Font)                  OT1/ntxtlf/m/n --> OT1/ntxtlf/b/n on input line 394.
LaTeX Font Info:    Redeclaring math alphabet \mathsf on input line 401.
LaTeX Font Info:    Overwriting math alphabet `\mathsf' in version `normal'
(Font)                  OT1/lmss/m/n --> OT1/qhv/m/n on input line 401.
LaTeX Font Info:    Overwriting math alphabet `\mathsf' in version `bold'
(Font)                  OT1/lmss/bx/n --> OT1/qhv/m/n on input line 401.
LaTeX Font Info:    Overwriting math alphabet `\mathsf' in version `bold'
(Font)                  OT1/qhv/m/n --> OT1/qhv/b/n on input line 403.
LaTeX Font Info:    Redeclaring math alphabet \mathit on input line 410.
LaTeX Font Info:    Overwriting math alphabet `\mathit' in version `normal'
(Font)                  OT1/lmr/m/it --> OT1/ntxtlf/m/it on input line 410.
LaTeX Font Info:    Overwriting math alphabet `\mathit' in version `bold'
(Font)                  OT1/lmr/bx/it --> OT1/ntxtlf/m/it on input line 410.
LaTeX Font Info:    Redeclaring math alphabet \mathtt on input line 411.
LaTeX Font Info:    Overwriting math alphabet `\mathtt' in version `normal'
(Font)                  OT1/lmtt/m/n --> T1/ntxtt/m/n on input line 411.
LaTeX Font Info:    Overwriting math alphabet `\mathtt' in version `bold'
(Font)                  OT1/lmtt/m/n --> T1/ntxtt/m/n on input line 411.
LaTeX Font Info:    Redeclaring math alphabet \mathbf on input line 413.
LaTeX Font Info:    Overwriting math alphabet `\mathbf' in version `normal'
(Font)                  OT1/lmr/bx/n --> OT1/ntxtlf/b/n on input line 413.
LaTeX Font Info:    Overwriting math alphabet `\mathbf' in version `bold'
(Font)                  OT1/lmr/bx/n --> OT1/ntxtlf/b/n on input line 413.
LaTeX Font Info:    Overwriting math alphabet `\mathit' in version `bold'
(Font)                  OT1/ntxtlf/m/it --> OT1/ntxtlf/b/it on input line 414.
LaTeX Font Info:    Overwriting math alphabet `\mathtt' in version `bold'
(Font)                  T1/ntxtt/m/n --> T1/ntxtt/b/n on input line 417.
LaTeX Font Info:    Redeclaring symbol font `letters' on input line 519.
LaTeX Font Info:    Overwriting symbol font `letters' in version `normal'
(Font)                  OML/lmm/m/it --> OML/ntxmi/m/it on input line 519.
LaTeX Font Info:    Overwriting symbol font `letters' in version `bold'
(Font)                  OML/lmm/b/it --> OML/ntxmi/m/it on input line 519.
LaTeX Font Info:    Overwriting symbol font `letters' in version `bold'
(Font)                  OML/ntxmi/m/it --> OML/ntxmi/b/it on input line 520.
\symlettersA=\mathgroup4
LaTeX Font Info:    Overwriting symbol font `lettersA' in version `bold'
(Font)                  U/ntxmia/m/it --> U/ntxmia/b/it on input line 565.
LaTeX Font Info:    Redeclaring symbol font `symbols' on input line 587.
LaTeX Font Info:    Encoding `OMS' has changed to `LMS' for symbol font
(Font)              `symbols' in the math version `normal' on input line 587.
LaTeX Font Info:    Overwriting symbol font `symbols' in version `normal'
(Font)                  OMS/lmsy/m/n --> LMS/ntxsy/m/n on input line 587.
LaTeX Font Info:    Encoding `OMS' has changed to `LMS' for symbol font
(Font)              `symbols' in the math version `bold' on input line 587.
LaTeX Font Info:    Overwriting symbol font `symbols' in version `bold'
(Font)                  OMS/lmsy/b/n --> LMS/ntxsy/m/n on input line 587.
LaTeX Font Info:    Overwriting symbol font `symbols' in version `bold'
(Font)                  LMS/ntxsy/m/n --> LMS/ntxsy/b/n on input line 588.
\symAMSm=\mathgroup5
LaTeX Font Info:    Overwriting symbol font `AMSm' in version `bold'
(Font)                  U/ntxsym/m/n --> U/ntxsym/b/n on input line 613.
\symsymbolsC=\mathgroup6
LaTeX Font Info:    Overwriting symbol font `symbolsC' in version `bold'
(Font)                  U/ntxsyc/m/n --> U/ntxsyc/b/n on input line 634.
LaTeX Font Info:    Redeclaring symbol font `largesymbols' on input line 647.
LaTeX Font Info:    Encoding `OMX' has changed to `LMX' for symbol font
(Font)              `largesymbols' in the math version `normal' on input line 647.
LaTeX Font Info:    Overwriting symbol font `largesymbols' in version `normal'
(Font)                  OMX/lmex/m/n --> LMX/ntxexx/m/n on input line 647.
LaTeX Font Info:    Encoding `OMX' has changed to `LMX' for symbol font
(Font)              `largesymbols' in the math version `bold' on input line 647.
LaTeX Font Info:    Overwriting symbol font `largesymbols' in version `bold'
(Font)                  OMX/lmex/m/n --> LMX/ntxexx/m/n on input line 647.
LaTeX Font Info:    Overwriting symbol font `largesymbols' in version `bold'
(Font)                  LMX/ntxexx/m/n --> LMX/ntxexx/b/n on input line 648.
\symlargesymbolsTXA=\mathgroup7
LaTeX Font Info:    Overwriting symbol font `largesymbolsTXA' in version `bold'
(Font)                  U/ntxexa/m/n --> U/ntxexa/b/n on input line 662.
\tx@sbptoks=\toks29
LaTeX Font Info:    Redeclaring math delimiter \lfloor on input line 885.
LaTeX Font Info:    Redeclaring math delimiter \rfloor on input line 886.
LaTeX Font Info:    Redeclaring math delimiter \lceil on input line 887.
LaTeX Font Info:    Redeclaring math delimiter \rceil on input line 888.
LaTeX Font Info:    Redeclaring math delimiter \lbrace on input line 893.
LaTeX Font Info:    Redeclaring math delimiter \rbrace on input line 894.
LaTeX Font Info:    Redeclaring math delimiter \langle on input line 896.
LaTeX Font Info:    Redeclaring math delimiter \rangle on input line 898.
LaTeX Font Info:    Redeclaring math delimiter \arrowvert on input line 902.
LaTeX Font Info:    Redeclaring math delimiter \vert on input line 903.
LaTeX Font Info:    Redeclaring math symbol \hbar on input line 949.
LaTeX Font Info:    Redeclaring math accent \dot on input line 974.
LaTeX Font Info:    Redeclaring math accent \ddot on input line 975.
LaTeX Font Info:    Redeclaring math accent \vec on input line 2048.
LaTeX Info: Redefining \Bbbk on input line 2838.
LaTeX Info: Redefining \not on input line 2986.
) (e:/latex/texlive/2024/texmf-dist/tex/latex/esint/esint.sty
Package: esint 
\symlargesymbolsA=\mathgroup8
)
\symCMlargesymbols=\mathgroup9
 (e:/latex/texlive/2024/texmf-dist/tex/latex/xcolor/xcolor.sty
Package: xcolor 2023/11/15 v3.01 LaTeX color extensions (UK)
 (e:/latex/texlive/2024/texmf-dist/tex/latex/graphics-cfg/color.cfg
File: color.cfg 2016/01/02 v1.6 sample color configuration
)
Package xcolor Info: Driver file: xetex.def on input line 274.
 (e:/latex/texlive/2024/texmf-dist/tex/latex/graphics-def/xetex.def
File: xetex.def 2022/09/22 v5.0n Graphics/color driver for xetex
) (e:/latex/texlive/2024/texmf-dist/tex/latex/graphics/mathcolor.ltx)
Package xcolor Info: Model `cmy' substituted by `cmy0' on input line 1350.
Package xcolor Info: Model `RGB' extended on input line 1366.
Package xcolor Info: Model `HTML' substituted by `rgb' on input line 1368.
Package xcolor Info: Model `Hsb' substituted by `hsb' on input line 1369.
Package xcolor Info: Model `tHsb' substituted by `hsb' on input line 1370.
Package xcolor Info: Model `HSB' substituted by `hsb' on input line 1371.
Package xcolor Info: Model `Gray' substituted by `gray' on input line 1372.
Package xcolor Info: Model `wave' substituted by `hsb' on input line 1373.
) (e:/latex/texlive/2024/texmf-dist/tex/latex/colortbl/colortbl.sty
Package: colortbl 2024/02/20 v1.0g Color table columns (DPC)
 (e:/latex/texlive/2024/texmf-dist/tex/latex/tools/array.sty
Package: array 2023/10/16 v2.5g Tabular extension package (FMi)
\col@sep=\dimen196
\ar@mcellbox=\box58
\extrarowheight=\dimen197
\NC@list=\toks30
\extratabsurround=\skip63
\backup@length=\skip64
\ar@cellbox=\box59
)
\everycr=\toks31
\minrowclearance=\skip65
\rownum=\count331
) (e:/latex/texlive/2024/texmf-dist/tex/latex/mwe/mwe.sty
Package: mwe 2018/03/30 v0.5 Package to support minimal working examples (MWE)
 (e:/latex/texlive/2024/texmf-dist/tex/latex/graphics/graphicx.sty
Package: graphicx 2021/09/16 v1.2d Enhanced LaTeX Graphics (DPC,SPQR)
 (e:/latex/texlive/2024/texmf-dist/tex/latex/graphics/graphics.sty
Package: graphics 2022/03/10 v1.4e Standard LaTeX Graphics (DPC,SPQR)
 (e:/latex/texlive/2024/texmf-dist/tex/latex/graphics/trig.sty
Package: trig 2021/08/11 v1.11 sin cos tan (DPC)
) (e:/latex/texlive/2024/texmf-dist/tex/latex/graphics-cfg/graphics.cfg
File: graphics.cfg 2016/06/04 v1.11 sample graphics configuration
)
Package graphics Info: Driver file: xetex.def on input line 107.
)
\Gin@req@height=\dimen198
\Gin@req@width=\dimen199
) (e:/latex/texlive/2024/texmf-dist/tex/latex/lipsum/lipsum.sty (e:/latex/texlive/2024/texmf-dist/tex/latex/l3packages/l3keys2e/l3keys2e.sty
Package: l3keys2e 2024-02-18 LaTeX2e option processing using LaTeX3 keys
)
Package: lipsum 2021-09-20 v2.7 150 paragraphs of Lorem Ipsum dummy text
\g__lipsum_par_int=\count332
\l__lipsum_a_int=\count333
\l__lipsum_b_int=\count334
 (e:/latex/texlive/2024/texmf-dist/tex/latex/lipsum/lipsum.ltd.tex)) (e:/latex/texlive/2024/texmf-dist/tex/latex/blindtext/blindtext.sty
Package: blindtext 2012/01/06 V2.0 blindtext-Package
 (e:/latex/texlive/2024/texmf-dist/tex/latex/tools/xspace.sty
Package: xspace 2014/10/28 v1.13 Space after command names (DPC,MH)
)
\c@blindtext=\count335
\c@Blindtext=\count336
\c@blind@countparstart=\count337
\blind@countxx=\count338
\blindtext@numBlindtext=\count339
\blind@countyy=\count340
\c@blindlist=\count341
\c@blindlistlevel=\count342
\c@blindlist@level=\count343
\blind@listitem=\count344
\c@blind@listcount=\count345
\c@blind@levelcount=\count346
\blind@mathformula=\count347
\blind@Mathformula=\count348
\c@blind@randomcount=\count349
\c@blind@randommax=\count350
\c@blind@pangramcount=\count351
\c@blind@pangrammax=\count352
)) (e:/latex/texlive/2024/texmf-dist/tex/latex/tools/enumerate.sty
Package: enumerate 2023/07/04 v3.00 enumerate extensions (DPC)
\@enLab=\toks32
) (e:/latex/texlive/2024/texmf-dist/tex/latex/enumitem/enumitem.sty
Package: enumitem 2019/06/20 v3.9 Customized lists
\labelindent=\skip66
\enit@outerparindent=\dimen256
\enit@toks=\toks33
\enit@inbox=\box60
\enit@count@id=\count353
\enitdp@description=\count354
) (e:/latex/texlive/2024/texmf-dist/tex/latex/caption/caption.sty
Package: caption 2023/08/05 v3.6o Customizing captions (AR)
 (e:/latex/texlive/2024/texmf-dist/tex/latex/caption/caption3.sty
Package: caption3 2023/07/31 v2.4d caption3 kernel (AR)
\caption@tempdima=\dimen257
\captionmargin=\dimen258
\caption@leftmargin=\dimen259
\caption@rightmargin=\dimen260
\caption@width=\dimen261
\caption@indent=\dimen262
\caption@parindent=\dimen263
\caption@hangindent=\dimen264
Package caption Info: Standard document class detected.
)
\c@caption@flags=\count355
\c@continuedfloat=\count356
Package caption Info: hyperref package is loaded.
) (e:/latex/texlive/2024/texmf-dist/tex/latex/jknapltx/mathrsfs.sty
Package: mathrsfs 1996/01/01 Math RSFS package v1.0 (jk)
\symrsfs=\mathgroup10
) (e:/latex/texlive/2024/texmf-dist/tex/latex/amsfonts/amsfonts.sty
Package: amsfonts 2013/01/14 v3.01 Basic AMSFonts support
\symAMSa=\mathgroup11
\symAMSb=\mathgroup12
LaTeX Font Info:    Redeclaring math delimiter \ulcorner on input line 74.
LaTeX Font Info:    Redeclaring math delimiter \urcorner on input line 75.
LaTeX Font Info:    Redeclaring math delimiter \llcorner on input line 76.
LaTeX Font Info:    Redeclaring math delimiter \lrcorner on input line 77.
LaTeX Font Info:    Redeclaring math symbol \square on input line 141.
LaTeX Font Info:    Redeclaring math symbol \lozenge on input line 142.
) (e:/latex/texlive/2024/texmf-dist/tex/latex/amsfonts/amssymb.sty
Package: amssymb 2013/01/14 v3.01 AMS font symbols
LaTeX Font Info:    Redeclaring math symbol \boxdot on input line 44.
LaTeX Font Info:    Redeclaring math symbol \boxplus on input line 45.
LaTeX Font Info:    Redeclaring math symbol \boxtimes on input line 46.
LaTeX Font Info:    Redeclaring math symbol \blacksquare on input line 48.
LaTeX Font Info:    Redeclaring math symbol \centerdot on input line 49.
LaTeX Font Info:    Redeclaring math symbol \blacklozenge on input line 51.
LaTeX Font Info:    Redeclaring math symbol \circlearrowright on input line 52.
LaTeX Font Info:    Redeclaring math symbol \circlearrowleft on input line 53.
LaTeX Font Info:    Redeclaring math symbol \leftrightharpoons on input line 56.
LaTeX Font Info:    Redeclaring math symbol \boxminus on input line 57.
LaTeX Font Info:    Redeclaring math symbol \Vdash on input line 58.
LaTeX Font Info:    Redeclaring math symbol \Vvdash on input line 59.
LaTeX Font Info:    Redeclaring math symbol \vDash on input line 60.
LaTeX Font Info:    Redeclaring math symbol \twoheadrightarrow on input line 61.
LaTeX Font Info:    Redeclaring math symbol \twoheadleftarrow on input line 62.
LaTeX Font Info:    Redeclaring math symbol \leftleftarrows on input line 63.
LaTeX Font Info:    Redeclaring math symbol \rightrightarrows on input line 64.
LaTeX Font Info:    Redeclaring math symbol \upuparrows on input line 65.
LaTeX Font Info:    Redeclaring math symbol \downdownarrows on input line 66.
LaTeX Font Info:    Redeclaring math symbol \upharpoonright on input line 67.
LaTeX Font Info:    Redeclaring math symbol \downharpoonright on input line 69.
LaTeX Font Info:    Redeclaring math symbol \upharpoonleft on input line 70.
LaTeX Font Info:    Redeclaring math symbol \downharpoonleft on input line 71.
LaTeX Font Info:    Redeclaring math symbol \rightarrowtail on input line 72.
LaTeX Font Info:    Redeclaring math symbol \leftarrowtail on input line 73.
LaTeX Font Info:    Redeclaring math symbol \leftrightarrows on input line 74.
LaTeX Font Info:    Redeclaring math symbol \rightleftarrows on input line 75.
LaTeX Font Info:    Redeclaring math symbol \Lsh on input line 76.
LaTeX Font Info:    Redeclaring math symbol \Rsh on input line 77.
LaTeX Font Info:    Redeclaring math symbol \leftrightsquigarrow on input line 79.
LaTeX Font Info:    Redeclaring math symbol \looparrowleft on input line 80.
LaTeX Font Info:    Redeclaring math symbol \looparrowright on input line 81.
LaTeX Font Info:    Redeclaring math symbol \circeq on input line 82.
LaTeX Font Info:    Redeclaring math symbol \succsim on input line 83.
LaTeX Font Info:    Redeclaring math symbol \gtrsim on input line 84.
LaTeX Font Info:    Redeclaring math symbol \gtrapprox on input line 85.
LaTeX Font Info:    Redeclaring math symbol \multimap on input line 86.
LaTeX Font Info:    Redeclaring math symbol \therefore on input line 87.
LaTeX Font Info:    Redeclaring math symbol \because on input line 88.
LaTeX Font Info:    Redeclaring math symbol \doteqdot on input line 89.
LaTeX Font Info:    Redeclaring math symbol \triangleq on input line 91.
LaTeX Font Info:    Redeclaring math symbol \precsim on input line 92.
LaTeX Font Info:    Redeclaring math symbol \lesssim on input line 93.
LaTeX Font Info:    Redeclaring math symbol \lessapprox on input line 94.
LaTeX Font Info:    Redeclaring math symbol \eqslantless on input line 95.
LaTeX Font Info:    Redeclaring math symbol \eqslantgtr on input line 96.
LaTeX Font Info:    Redeclaring math symbol \curlyeqprec on input line 97.
LaTeX Font Info:    Redeclaring math symbol \curlyeqsucc on input line 98.
LaTeX Font Info:    Redeclaring math symbol \preccurlyeq on input line 99.
LaTeX Font Info:    Redeclaring math symbol \leqq on input line 100.
LaTeX Font Info:    Redeclaring math symbol \leqslant on input line 101.
LaTeX Font Info:    Redeclaring math symbol \lessgtr on input line 102.
LaTeX Font Info:    Redeclaring math symbol \backprime on input line 103.
LaTeX Font Info:    Redeclaring math symbol \risingdotseq on input line 104.
LaTeX Font Info:    Redeclaring math symbol \fallingdotseq on input line 105.
LaTeX Font Info:    Redeclaring math symbol \succcurlyeq on input line 106.
LaTeX Font Info:    Redeclaring math symbol \geqq on input line 107.
LaTeX Font Info:    Redeclaring math symbol \geqslant on input line 108.
LaTeX Font Info:    Redeclaring math symbol \gtrless on input line 109.
LaTeX Font Info:    Redeclaring math symbol \bigstar on input line 117.
LaTeX Font Info:    Redeclaring math symbol \between on input line 118.
LaTeX Font Info:    Redeclaring math symbol \blacktriangledown on input line 119.
LaTeX Font Info:    Redeclaring math symbol \blacktriangleright on input line 120.
LaTeX Font Info:    Redeclaring math symbol \blacktriangleleft on input line 121.
LaTeX Font Info:    Redeclaring math symbol \vartriangle on input line 122.
LaTeX Font Info:    Redeclaring math symbol \blacktriangle on input line 123.
LaTeX Font Info:    Redeclaring math symbol \triangledown on input line 124.
LaTeX Font Info:    Redeclaring math symbol \eqcirc on input line 125.
LaTeX Font Info:    Redeclaring math symbol \lesseqgtr on input line 126.
LaTeX Font Info:    Redeclaring math symbol \gtreqless on input line 127.
LaTeX Font Info:    Redeclaring math symbol \lesseqqgtr on input line 128.
LaTeX Font Info:    Redeclaring math symbol \gtreqqless on input line 129.
LaTeX Font Info:    Redeclaring math symbol \Rrightarrow on input line 130.
LaTeX Font Info:    Redeclaring math symbol \Lleftarrow on input line 131.
LaTeX Font Info:    Redeclaring math symbol \veebar on input line 132.
LaTeX Font Info:    Redeclaring math symbol \barwedge on input line 133.
LaTeX Font Info:    Redeclaring math symbol \doublebarwedge on input line 134.
LaTeX Font Info:    Redeclaring math symbol \measuredangle on input line 137.
LaTeX Font Info:    Redeclaring math symbol \sphericalangle on input line 138.
LaTeX Font Info:    Redeclaring math symbol \varpropto on input line 139.
LaTeX Font Info:    Redeclaring math symbol \smallsmile on input line 140.
LaTeX Font Info:    Redeclaring math symbol \smallfrown on input line 141.
LaTeX Font Info:    Redeclaring math symbol \Subset on input line 142.
LaTeX Font Info:    Redeclaring math symbol \Supset on input line 143.
LaTeX Font Info:    Redeclaring math symbol \Cup on input line 144.
LaTeX Font Info:    Redeclaring math symbol \Cap on input line 146.
LaTeX Font Info:    Redeclaring math symbol \curlywedge on input line 148.
LaTeX Font Info:    Redeclaring math symbol \curlyvee on input line 149.
LaTeX Font Info:    Redeclaring math symbol \leftthreetimes on input line 150.
LaTeX Font Info:    Redeclaring math symbol \rightthreetimes on input line 151.
LaTeX Font Info:    Redeclaring math symbol \subseteqq on input line 152.
LaTeX Font Info:    Redeclaring math symbol \supseteqq on input line 153.
LaTeX Font Info:    Redeclaring math symbol \bumpeq on input line 154.
LaTeX Font Info:    Redeclaring math symbol \Bumpeq on input line 155.
LaTeX Font Info:    Redeclaring math symbol \lll on input line 156.
LaTeX Font Info:    Redeclaring math symbol \ggg on input line 158.
LaTeX Font Info:    Redeclaring math symbol \circledS on input line 160.
LaTeX Font Info:    Redeclaring math symbol \pitchfork on input line 161.
LaTeX Font Info:    Redeclaring math symbol \dotplus on input line 162.
LaTeX Font Info:    Redeclaring math symbol \backsim on input line 163.
LaTeX Font Info:    Redeclaring math symbol \backsimeq on input line 164.
LaTeX Font Info:    Redeclaring math symbol \complement on input line 165.
LaTeX Font Info:    Redeclaring math symbol \intercal on input line 166.
LaTeX Font Info:    Redeclaring math symbol \circledcirc on input line 167.
LaTeX Font Info:    Redeclaring math symbol \circledast on input line 168.
LaTeX Font Info:    Redeclaring math symbol \circleddash on input line 169.
LaTeX Font Info:    Redeclaring math symbol \lvertneqq on input line 171.
LaTeX Font Info:    Redeclaring math symbol \gvertneqq on input line 172.
LaTeX Font Info:    Redeclaring math symbol \nleq on input line 173.
LaTeX Font Info:    Redeclaring math symbol \ngeq on input line 174.
LaTeX Font Info:    Redeclaring math symbol \nless on input line 175.
LaTeX Font Info:    Redeclaring math symbol \ngtr on input line 176.
LaTeX Font Info:    Redeclaring math symbol \nprec on input line 177.
LaTeX Font Info:    Redeclaring math symbol \nsucc on input line 178.
LaTeX Font Info:    Redeclaring math symbol \lneqq on input line 179.
LaTeX Font Info:    Redeclaring math symbol \gneqq on input line 180.
LaTeX Font Info:    Redeclaring math symbol \nleqslant on input line 181.
LaTeX Font Info:    Redeclaring math symbol \ngeqslant on input line 182.
LaTeX Font Info:    Redeclaring math symbol \lneq on input line 183.
LaTeX Font Info:    Redeclaring math symbol \gneq on input line 184.
LaTeX Font Info:    Redeclaring math symbol \npreceq on input line 185.
LaTeX Font Info:    Redeclaring math symbol \nsucceq on input line 186.
LaTeX Font Info:    Redeclaring math symbol \precnsim on input line 187.
LaTeX Font Info:    Redeclaring math symbol \succnsim on input line 188.
LaTeX Font Info:    Redeclaring math symbol \lnsim on input line 189.
LaTeX Font Info:    Redeclaring math symbol \gnsim on input line 190.
LaTeX Font Info:    Redeclaring math symbol \nleqq on input line 191.
LaTeX Font Info:    Redeclaring math symbol \ngeqq on input line 192.
LaTeX Font Info:    Redeclaring math symbol \precneqq on input line 193.
LaTeX Font Info:    Redeclaring math symbol \succneqq on input line 194.
LaTeX Font Info:    Redeclaring math symbol \precnapprox on input line 195.
LaTeX Font Info:    Redeclaring math symbol \succnapprox on input line 196.
LaTeX Font Info:    Redeclaring math symbol \lnapprox on input line 197.
LaTeX Font Info:    Redeclaring math symbol \gnapprox on input line 198.
LaTeX Font Info:    Redeclaring math symbol \nsim on input line 199.
LaTeX Font Info:    Redeclaring math symbol \ncong on input line 200.
LaTeX Font Info:    Redeclaring math symbol \diagup on input line 201.
LaTeX Font Info:    Redeclaring math symbol \diagdown on input line 202.
LaTeX Font Info:    Redeclaring math symbol \varsubsetneq on input line 203.
LaTeX Font Info:    Redeclaring math symbol \varsupsetneq on input line 204.
LaTeX Font Info:    Redeclaring math symbol \nsubseteqq on input line 205.
LaTeX Font Info:    Redeclaring math symbol \nsupseteqq on input line 206.
LaTeX Font Info:    Redeclaring math symbol \subsetneqq on input line 207.
LaTeX Font Info:    Redeclaring math symbol \supsetneqq on input line 208.
LaTeX Font Info:    Redeclaring math symbol \varsubsetneqq on input line 209.
LaTeX Font Info:    Redeclaring math symbol \varsupsetneqq on input line 210.
LaTeX Font Info:    Redeclaring math symbol \subsetneq on input line 211.
LaTeX Font Info:    Redeclaring math symbol \supsetneq on input line 212.
LaTeX Font Info:    Redeclaring math symbol \nsubseteq on input line 213.
LaTeX Font Info:    Redeclaring math symbol \nsupseteq on input line 214.
LaTeX Font Info:    Redeclaring math symbol \nparallel on input line 215.
LaTeX Font Info:    Redeclaring math symbol \nmid on input line 216.
LaTeX Font Info:    Redeclaring math symbol \nshortmid on input line 217.
LaTeX Font Info:    Redeclaring math symbol \nshortparallel on input line 218.
LaTeX Font Info:    Redeclaring math symbol \nvdash on input line 219.
LaTeX Font Info:    Redeclaring math symbol \nVdash on input line 220.
LaTeX Font Info:    Redeclaring math symbol \nvDash on input line 221.
LaTeX Font Info:    Redeclaring math symbol \nVDash on input line 222.
LaTeX Font Info:    Redeclaring math symbol \ntrianglerighteq on input line 223.
LaTeX Font Info:    Redeclaring math symbol \ntrianglelefteq on input line 224.
LaTeX Font Info:    Redeclaring math symbol \ntriangleleft on input line 225.
LaTeX Font Info:    Redeclaring math symbol \ntriangleright on input line 226.
LaTeX Font Info:    Redeclaring math symbol \nleftarrow on input line 227.
LaTeX Font Info:    Redeclaring math symbol \nrightarrow on input line 228.
LaTeX Font Info:    Redeclaring math symbol \nLeftarrow on input line 229.
LaTeX Font Info:    Redeclaring math symbol \nRightarrow on input line 230.
LaTeX Font Info:    Redeclaring math symbol \nLeftrightarrow on input line 231.
LaTeX Font Info:    Redeclaring math symbol \nleftrightarrow on input line 232.
LaTeX Font Info:    Redeclaring math symbol \divideontimes on input line 233.
LaTeX Font Info:    Redeclaring math symbol \varnothing on input line 234.
LaTeX Font Info:    Redeclaring math symbol \nexists on input line 235.
LaTeX Font Info:    Redeclaring math symbol \Finv on input line 236.
LaTeX Font Info:    Redeclaring math symbol \Game on input line 237.
LaTeX Font Info:    Redeclaring math symbol \eth on input line 240.
LaTeX Font Info:    Redeclaring math symbol \eqsim on input line 241.
LaTeX Font Info:    Redeclaring math symbol \beth on input line 242.
LaTeX Font Info:    Redeclaring math symbol \gimel on input line 243.
LaTeX Font Info:    Redeclaring math symbol \daleth on input line 244.
LaTeX Font Info:    Redeclaring math symbol \lessdot on input line 245.
LaTeX Font Info:    Redeclaring math symbol \gtrdot on input line 246.
LaTeX Font Info:    Redeclaring math symbol \ltimes on input line 247.
LaTeX Font Info:    Redeclaring math symbol \rtimes on input line 248.
LaTeX Font Info:    Redeclaring math symbol \shortmid on input line 249.
LaTeX Font Info:    Redeclaring math symbol \shortparallel on input line 250.
LaTeX Font Info:    Redeclaring math symbol \smallsetminus on input line 251.
LaTeX Font Info:    Redeclaring math symbol \thicksim on input line 252.
LaTeX Font Info:    Redeclaring math symbol \thickapprox on input line 253.
LaTeX Font Info:    Redeclaring math symbol \approxeq on input line 254.
LaTeX Font Info:    Redeclaring math symbol \succapprox on input line 255.
LaTeX Font Info:    Redeclaring math symbol \precapprox on input line 256.
LaTeX Font Info:    Redeclaring math symbol \curvearrowleft on input line 257.
LaTeX Font Info:    Redeclaring math symbol \curvearrowright on input line 258.
LaTeX Font Info:    Redeclaring math symbol \digamma on input line 259.
LaTeX Font Info:    Redeclaring math symbol \varkappa on input line 260.
LaTeX Font Info:    Redeclaring math symbol \hslash on input line 262.
LaTeX Font Info:    Redeclaring math symbol \backepsilon on input line 265.
) (e:/latex/texlive/2024/texmf-dist/tex/latex/booktabs/booktabs.sty
Package: booktabs 2020/01/12 v1.61803398 Publication quality tables
\heavyrulewidth=\dimen265
\lightrulewidth=\dimen266
\cmidrulewidth=\dimen267
\belowrulesep=\dimen268
\belowbottomsep=\dimen269
\aboverulesep=\dimen270
\abovetopsep=\dimen271
\cmidrulesep=\dimen272
\cmidrulekern=\dimen273
\defaultaddspace=\dimen274
\@cmidla=\count357
\@cmidlb=\count358
\@aboverulesep=\dimen275
\@belowrulesep=\dimen276
\@thisruleclass=\count359
\@lastruleclass=\count360
\@thisrulewidth=\dimen277
) (e:/latex/texlive/2024/texmf-dist/tex/latex/tools/multicol.sty
Package: multicol 2023/03/30 v1.9f multicolumn formatting (FMi)
\c@tracingmulticols=\count361
\mult@box=\box61
\multicol@leftmargin=\dimen278
\c@unbalance=\count362
\c@collectmore=\count363
\doublecol@number=\count364
\multicoltolerance=\count365
\multicolpretolerance=\count366
\full@width=\dimen279
\page@free=\dimen280
\premulticols=\dimen281
\postmulticols=\dimen282
\multicolsep=\skip67
\multicolbaselineskip=\skip68
\partial@page=\box62
\last@line=\box63
\mc@boxedresult=\box64
\maxbalancingoverflow=\dimen283
\mult@rightbox=\box65
\mult@grightbox=\box66
\mult@firstbox=\box67
\mult@gfirstbox=\box68
\@tempa=\box69
\@tempa=\box70
\@tempa=\box71
\@tempa=\box72
\@tempa=\box73
\@tempa=\box74
\@tempa=\box75
\@tempa=\box76
\@tempa=\box77
\@tempa=\box78
\@tempa=\box79
\@tempa=\box80
\@tempa=\box81
\@tempa=\box82
\@tempa=\box83
\@tempa=\box84
\@tempa=\box85
\@tempa=\box86
\@tempa=\box87
\@tempa=\box88
\@tempa=\box89
\@tempa=\box90
\@tempa=\box91
\@tempa=\box92
\@tempa=\box93
\@tempa=\box94
\@tempa=\box95
\@tempa=\box96
\@tempa=\box97
\@tempa=\box98
\@tempa=\box99
\@tempa=\box100
\@tempa=\box101
\@tempa=\box102
\@tempa=\box103
\@tempa=\box104
\c@minrows=\count367
\c@columnbadness=\count368
\c@finalcolumnbadness=\count369
\last@try=\dimen284
\multicolovershoot=\dimen285
\multicolundershoot=\dimen286
\mult@nat@firstbox=\box105
\colbreak@box=\box106
\mc@col@check@num=\count370
) (e:/latex/texlive/2024/texmf-dist/tex/latex/multirow/multirow.sty
Package: multirow 2021/03/15 v2.8 Span multiple rows of a table
\multirow@colwidth=\skip69
\multirow@cntb=\count371
\multirow@dima=\skip70
\bigstrutjot=\dimen287
) (e:/latex/texlive/2024/texmf-dist/tex/latex/fancyvrb/fancyvrb.sty
Package: fancyvrb 2024/01/20 4.5c verbatim text (tvz,hv)
\FV@CodeLineNo=\count372
\FV@InFile=\read3
\FV@TabBox=\box107
\c@FancyVerbLine=\count373
\FV@StepNumber=\count374
\FV@OutFile=\write4
) (e:/latex/texlive/2024/texmf-dist/tex/latex/makecell/makecell.sty
Package: makecell 2009/08/03 V0.1e Managing of Tab Column Heads and Cells
\rotheadsize=\dimen288
\c@nlinenum=\count375
\TeXr@lab=\toks34
) (e:/latex/texlive/2024/texmf-dist/tex/generic/hologo/hologo.sty
Package: hologo 2021-11-16 v1.15 A logo collection with bookmark support (HO)
) (e:/latex/texlive/2024/texmf-dist/tex/latex/titlesec/titlesec.sty
Package: titlesec 2023/10/27 v2.16 Sectioning titles
\ttl@box=\box108
\beforetitleunit=\skip71
\aftertitleunit=\skip72
\ttl@plus=\dimen289
\ttl@minus=\dimen290
\ttl@toksa=\toks35
\titlewidth=\dimen291
\titlewidthlast=\dimen292
\titlewidthfirst=\dimen293
 (e:/latex/texlive/2024/texmf-dist/tex/latex/titlesec/titleps.sty)) (e:/latex/texlive/2024/texmf-dist/tex/latex/appendix/appendix.sty
Package: appendix 2020/02/08 v1.2c extra appendix facilities
\c@@pps=\count376
\c@@ppsavesec=\count377
\c@@ppsaveapp=\count378
) (e:/latex/texlive/2024/texmf-dist/tex/latex/biblatex/biblatex.sty
Package: biblatex 2023/03/05 v3.19 programmable bibliographies (PK/MW)
 (e:/latex/texlive/2024/texmf-dist/tex/latex/logreq/logreq.sty
Package: logreq 2010/08/04 v1.0 xml request logger
\lrq@indent=\count379
 (e:/latex/texlive/2024/texmf-dist/tex/latex/logreq/logreq.def
File: logreq.def 2010/08/04 v1.0 logreq spec v1.0
))
\c@tabx@nest=\count380
\c@listtotal=\count381
\c@listcount=\count382
\c@liststart=\count383
\c@liststop=\count384
\c@citecount=\count385
\c@citetotal=\count386
\c@multicitecount=\count387
\c@multicitetotal=\count388
\c@instcount=\count389
\c@maxnames=\count390
\c@minnames=\count391
\c@maxitems=\count392
\c@minitems=\count393
\c@citecounter=\count394
\c@maxcitecounter=\count395
\c@savedcitecounter=\count396
\c@uniquelist=\count397
\c@uniquename=\count398
\c@refsection=\count399
\c@refsegment=\count400
\c@maxextratitle=\count401
\c@maxextratitleyear=\count402
\c@maxextraname=\count403
\c@maxextradate=\count404
\c@maxextraalpha=\count405
\c@abbrvpenalty=\count406
\c@highnamepenalty=\count407
\c@lownamepenalty=\count408
\c@maxparens=\count409
\c@parenlevel=\count410
\blx@tempcnta=\count411
\blx@tempcntb=\count412
\blx@tempcntc=\count413
\c@blx@maxsection=\count414
\blx@maxsegment@0=\count415
\blx@notetype=\count416
\blx@parenlevel@text=\count417
\blx@parenlevel@foot=\count418
\blx@sectionciteorder@0=\count419
\blx@sectionciteorderinternal@0=\count420
\blx@entrysetcounter=\count421
\blx@biblioinstance=\count422
\labelnumberwidth=\skip73
\labelalphawidth=\skip74
\biblabelsep=\skip75
\bibitemsep=\skip76
\bibnamesep=\skip77
\bibinitsep=\skip78
\bibparsep=\skip79
\bibhang=\skip80
\blx@bcfin=\read4
\blx@bcfout=\write5
\blx@langwohyphens=\language89
\c@mincomprange=\count423
\c@maxcomprange=\count424
\c@mincompwidth=\count425
Package biblatex Info: Trying to load biblatex default data model...
Package biblatex Info: ... file 'blx-dm.def' found.
 (e:/latex/texlive/2024/texmf-dist/tex/latex/biblatex/blx-dm.def
File: blx-dm.def 2023/03/05 v3.19 biblatex localization (PK/MW)
)
Package biblatex Info: Trying to load biblatex citestyle data model...
Package biblatex Info: ... file 'numeric-comp.dbx' not found.
Package biblatex Info: Trying to load biblatex bibstyle data model...
Package biblatex Info: ... file 'numeric.dbx' not found.
Package biblatex Info: Trying to load biblatex custom data model...
Package biblatex Info: ... file 'biblatex-dm.cfg' not found.
\c@afterword=\count426
\c@savedafterword=\count427
\c@annotator=\count428
\c@savedannotator=\count429
\c@author=\count430
\c@savedauthor=\count431
\c@bookauthor=\count432
\c@savedbookauthor=\count433
\c@commentator=\count434
\c@savedcommentator=\count435
\c@editor=\count436
\c@savededitor=\count437
\c@editora=\count438
\c@savededitora=\count439
\c@editorb=\count440
\c@savededitorb=\count441
\c@editorc=\count442
\c@savededitorc=\count443
\c@foreword=\count444
\c@savedforeword=\count445
\c@holder=\count446
\c@savedholder=\count447
\c@introduction=\count448
\c@savedintroduction=\count449
\c@namea=\count450
\c@savednamea=\count451
\c@nameb=\count452
\c@savednameb=\count453
\c@namec=\count454
\c@savednamec=\count455
\c@translator=\count456
\c@savedtranslator=\count457
\c@shortauthor=\count458
\c@savedshortauthor=\count459
\c@shorteditor=\count460
\c@savedshorteditor=\count461
\c@labelname=\count462
\c@savedlabelname=\count463
\c@institution=\count464
\c@savedinstitution=\count465
\c@lista=\count466
\c@savedlista=\count467
\c@listb=\count468
\c@savedlistb=\count469
\c@listc=\count470
\c@savedlistc=\count471
\c@listd=\count472
\c@savedlistd=\count473
\c@liste=\count474
\c@savedliste=\count475
\c@listf=\count476
\c@savedlistf=\count477
\c@location=\count478
\c@savedlocation=\count479
\c@organization=\count480
\c@savedorganization=\count481
\c@origlocation=\count482
\c@savedoriglocation=\count483
\c@origpublisher=\count484
\c@savedorigpublisher=\count485
\c@publisher=\count486
\c@savedpublisher=\count487
\c@language=\count488
\c@savedlanguage=\count489
\c@origlanguage=\count490
\c@savedoriglanguage=\count491
\c@pageref=\count492
\c@savedpageref=\count493
\shorthandwidth=\skip81
\shortjournalwidth=\skip82
\shortserieswidth=\skip83
\shorttitlewidth=\skip84
\shortauthorwidth=\skip85
\shorteditorwidth=\skip86
\locallabelnumberwidth=\skip87
\locallabelalphawidth=\skip88
\localshorthandwidth=\skip89
\localshortjournalwidth=\skip90
\localshortserieswidth=\skip91
\localshorttitlewidth=\skip92
\localshortauthorwidth=\skip93
\localshorteditorwidth=\skip94
Package biblatex Info: Trying to load enhanced support for Unicode engines...
Package biblatex Info: ... file 'blx-unicode.def' found.
 (e:/latex/texlive/2024/texmf-dist/tex/latex/biblatex/blx-unicode.def)
Package biblatex Info: Trying to load compatibility code...
Package biblatex Info: ... file 'blx-compat.def' found.
 (e:/latex/texlive/2024/texmf-dist/tex/latex/biblatex/blx-compat.def
File: blx-compat.def 2023/03/05 v3.19 biblatex compatibility (PK/MW)
)
Package biblatex Info: Trying to load generic definitions...
Package biblatex Info: ... file 'biblatex.def' found.
 (e:/latex/texlive/2024/texmf-dist/tex/latex/biblatex/biblatex.def
File: biblatex.def 2023/03/05 v3.19 biblatex compatibility (PK/MW)
\c@textcitecount=\count494
\c@textcitetotal=\count495
\c@textcitemaxnames=\count496
\c@biburlbigbreakpenalty=\count497
\c@biburlbreakpenalty=\count498
\c@biburlnumpenalty=\count499
\c@biburlucpenalty=\count500
\c@biburllcpenalty=\count501
\biburlbigskip=\muskip19
\biburlnumskip=\muskip20
\biburlucskip=\muskip21
\biburllcskip=\muskip22
\c@smartand=\count502
)
Package biblatex Info: Trying to load bibliography style 'numeric'...
Package biblatex Info: ... file 'numeric.bbx' found.
 (e:/latex/texlive/2024/texmf-dist/tex/latex/biblatex/bbx/numeric.bbx
File: numeric.bbx 2023/03/05 v3.19 biblatex bibliography style (PK/MW)
Package biblatex Info: Trying to load bibliography style 'standard'...
Package biblatex Info: ... file 'standard.bbx' found.
 (e:/latex/texlive/2024/texmf-dist/tex/latex/biblatex/bbx/standard.bbx
File: standard.bbx 2023/03/05 v3.19 biblatex bibliography style (PK/MW)
\c@bbx:relatedcount=\count503
\c@bbx:relatedtotal=\count504
))
Package biblatex Info: Trying to load citation style 'numeric-comp'...
Package biblatex Info: ... file 'numeric-comp.cbx' found.
 (e:/latex/texlive/2024/texmf-dist/tex/latex/biblatex/cbx/numeric-comp.cbx
File: numeric-comp.cbx 2023/03/05 v3.19 biblatex citation style (PK/MW)
\c@cbx@tempcnta=\count505
\c@cbx@tempcntb=\count506
\c@cbx@tempcntc=\count507
\c@cbx@tempcntd=\count508
Package biblatex Info: Redefining '\cite'.
Package biblatex Info: Redefining '\parencite'.
Package biblatex Info: Redefining '\footcite'.
Package biblatex Info: Redefining '\footcitetext'.
Package biblatex Info: Redefining '\smartcite'.
Package biblatex Info: Redefining '\supercite'.
Package biblatex Info: Redefining '\textcite'.
Package biblatex Info: Redefining '\textcites'.
Package biblatex Info: Redefining '\cites'.
Package biblatex Info: Redefining '\parencites'.
Package biblatex Info: Redefining '\smartcites'.
)
Package biblatex Info: Trying to load configuration file...
Package biblatex Info: ... file 'biblatex.cfg' found.
 (e:/latex/texlive/2024/texmf-dist/tex/latex/biblatex/biblatex.cfg
File: biblatex.cfg 
)
Package biblatex Info: XeTeX detected.
(biblatex)             Assuming input encoding 'utf8'.
Package biblatex Info: Document encoding is UTF8 ....
Package biblatex Info: ... and expl3
(biblatex)             2024-02-20 L3 programming layer (loader) 
(biblatex)             is new enough (at least 2020/04/06),
(biblatex)             setting 'casechanger=expl3'.
 (e:/latex/texlive/2024/texmf-dist/tex/latex/biblatex/blx-case-expl3.sty
Package: blx-case-expl3 2023/03/05 v3.19 expl3 case changing code for biblatex
)) (e:/latex/texlive/2024/texmf-dist/tex/latex/pgf/frontendlayer/tikz.sty (e:/latex/texlive/2024/texmf-dist/tex/latex/pgf/basiclayer/pgf.sty (e:/latex/texlive/2024/texmf-dist/tex/latex/pgf/utilities/pgfrcs.sty (e:/latex/texlive/2024/texmf-dist/tex/generic/pgf/utilities/pgfutil-common.tex
\pgfutil@everybye=\toks36
\pgfutil@tempdima=\dimen294
\pgfutil@tempdimb=\dimen295
) (e:/latex/texlive/2024/texmf-dist/tex/generic/pgf/utilities/pgfutil-latex.def
\pgfutil@abb=\box109
) (e:/latex/texlive/2024/texmf-dist/tex/generic/pgf/utilities/pgfrcs.code.tex (e:/latex/texlive/2024/texmf-dist/tex/generic/pgf/pgf.revision.tex)
Package: pgfrcs 2023-01-15 v3.1.10 (3.1.10)
))
Package: pgf 2023-01-15 v3.1.10 (3.1.10)
 (e:/latex/texlive/2024/texmf-dist/tex/latex/pgf/basiclayer/pgfcore.sty (e:/latex/texlive/2024/texmf-dist/tex/latex/pgf/systemlayer/pgfsys.sty (e:/latex/texlive/2024/texmf-dist/tex/generic/pgf/systemlayer/pgfsys.code.tex
Package: pgfsys 2023-01-15 v3.1.10 (3.1.10)
 (e:/latex/texlive/2024/texmf-dist/tex/generic/pgf/utilities/pgfkeys.code.tex
\pgfkeys@pathtoks=\toks37
\pgfkeys@temptoks=\toks38
 (e:/latex/texlive/2024/texmf-dist/tex/generic/pgf/utilities/pgfkeyslibraryfiltered.code.tex
\pgfkeys@tmptoks=\toks39
))
\pgf@x=\dimen296
\pgf@y=\dimen297
\pgf@xa=\dimen298
\pgf@ya=\dimen299
\pgf@xb=\dimen300
\pgf@yb=\dimen301
\pgf@xc=\dimen302
\pgf@yc=\dimen303
\pgf@xd=\dimen304
\pgf@yd=\dimen305
\w@pgf@writea=\write6
\r@pgf@reada=\read5
\c@pgf@counta=\count509
\c@pgf@countb=\count510
\c@pgf@countc=\count511
\c@pgf@countd=\count512
\t@pgf@toka=\toks40
\t@pgf@tokb=\toks41
\t@pgf@tokc=\toks42
\pgf@sys@id@count=\count513
 (e:/latex/texlive/2024/texmf-dist/tex/generic/pgf/systemlayer/pgf.cfg
File: pgf.cfg 2023-01-15 v3.1.10 (3.1.10)
)
Driver file for pgf: pgfsys-xetex.def
 (e:/latex/texlive/2024/texmf-dist/tex/generic/pgf/systemlayer/pgfsys-xetex.def
File: pgfsys-xetex.def 2023-01-15 v3.1.10 (3.1.10)
 (e:/latex/texlive/2024/texmf-dist/tex/generic/pgf/systemlayer/pgfsys-dvipdfmx.def
File: pgfsys-dvipdfmx.def 2023-01-15 v3.1.10 (3.1.10)
 (e:/latex/texlive/2024/texmf-dist/tex/generic/pgf/systemlayer/pgfsys-common-pdf.def
File: pgfsys-common-pdf.def 2023-01-15 v3.1.10 (3.1.10)
)
\pgfsys@objnum=\count514
))) (e:/latex/texlive/2024/texmf-dist/tex/generic/pgf/systemlayer/pgfsyssoftpath.code.tex
File: pgfsyssoftpath.code.tex 2023-01-15 v3.1.10 (3.1.10)
\pgfsyssoftpath@smallbuffer@items=\count515
\pgfsyssoftpath@bigbuffer@items=\count516
) (e:/latex/texlive/2024/texmf-dist/tex/generic/pgf/systemlayer/pgfsysprotocol.code.tex
File: pgfsysprotocol.code.tex 2023-01-15 v3.1.10 (3.1.10)
)) (e:/latex/texlive/2024/texmf-dist/tex/generic/pgf/basiclayer/pgfcore.code.tex
Package: pgfcore 2023-01-15 v3.1.10 (3.1.10)
 (e:/latex/texlive/2024/texmf-dist/tex/generic/pgf/math/pgfmath.code.tex (e:/latex/texlive/2024/texmf-dist/tex/generic/pgf/math/pgfmathutil.code.tex) (e:/latex/texlive/2024/texmf-dist/tex/generic/pgf/math/pgfmathparser.code.tex
\pgfmath@dimen=\dimen306
\pgfmath@count=\count517
\pgfmath@box=\box110
\pgfmath@toks=\toks43
\pgfmath@stack@operand=\toks44
\pgfmath@stack@operation=\toks45
) (e:/latex/texlive/2024/texmf-dist/tex/generic/pgf/math/pgfmathfunctions.code.tex) (e:/latex/texlive/2024/texmf-dist/tex/generic/pgf/math/pgfmathfunctions.basic.code.tex) (e:/latex/texlive/2024/texmf-dist/tex/generic/pgf/math/pgfmathfunctions.trigonometric.code.tex) (e:/latex/texlive/2024/texmf-dist/tex/generic/pgf/math/pgfmathfunctions.random.code.tex) (e:/latex/texlive/2024/texmf-dist/tex/generic/pgf/math/pgfmathfunctions.comparison.code.tex) (e:/latex/texlive/2024/texmf-dist/tex/generic/pgf/math/pgfmathfunctions.base.code.tex) (e:/latex/texlive/2024/texmf-dist/tex/generic/pgf/math/pgfmathfunctions.round.code.tex) (e:/latex/texlive/2024/texmf-dist/tex/generic/pgf/math/pgfmathfunctions.misc.code.tex) (e:/latex/texlive/2024/texmf-dist/tex/generic/pgf/math/pgfmathfunctions.integerarithmetics.code.tex) (e:/latex/texlive/2024/texmf-dist/tex/generic/pgf/math/pgfmathcalc.code.tex) (e:/latex/texlive/2024/texmf-dist/tex/generic/pgf/math/pgfmathfloat.code.tex
\c@pgfmathroundto@lastzeros=\count518
)) (e:/latex/texlive/2024/texmf-dist/tex/generic/pgf/math/pgfint.code.tex) (e:/latex/texlive/2024/texmf-dist/tex/generic/pgf/basiclayer/pgfcorepoints.code.tex
File: pgfcorepoints.code.tex 2023-01-15 v3.1.10 (3.1.10)
\pgf@picminx=\dimen307
\pgf@picmaxx=\dimen308
\pgf@picminy=\dimen309
\pgf@picmaxy=\dimen310
\pgf@pathminx=\dimen311
\pgf@pathmaxx=\dimen312
\pgf@pathminy=\dimen313
\pgf@pathmaxy=\dimen314
\pgf@xx=\dimen315
\pgf@xy=\dimen316
\pgf@yx=\dimen317
\pgf@yy=\dimen318
\pgf@zx=\dimen319
\pgf@zy=\dimen320
) (e:/latex/texlive/2024/texmf-dist/tex/generic/pgf/basiclayer/pgfcorepathconstruct.code.tex
File: pgfcorepathconstruct.code.tex 2023-01-15 v3.1.10 (3.1.10)
\pgf@path@lastx=\dimen321
\pgf@path@lasty=\dimen322
) (e:/latex/texlive/2024/texmf-dist/tex/generic/pgf/basiclayer/pgfcorepathusage.code.tex
File: pgfcorepathusage.code.tex 2023-01-15 v3.1.10 (3.1.10)
\pgf@shorten@end@additional=\dimen323
\pgf@shorten@start@additional=\dimen324
) (e:/latex/texlive/2024/texmf-dist/tex/generic/pgf/basiclayer/pgfcorescopes.code.tex
File: pgfcorescopes.code.tex 2023-01-15 v3.1.10 (3.1.10)
\pgfpic=\box111
\pgf@hbox=\box112
\pgf@layerbox@main=\box113
\pgf@picture@serial@count=\count519
) (e:/latex/texlive/2024/texmf-dist/tex/generic/pgf/basiclayer/pgfcoregraphicstate.code.tex
File: pgfcoregraphicstate.code.tex 2023-01-15 v3.1.10 (3.1.10)
\pgflinewidth=\dimen325
) (e:/latex/texlive/2024/texmf-dist/tex/generic/pgf/basiclayer/pgfcoretransformations.code.tex
File: pgfcoretransformations.code.tex 2023-01-15 v3.1.10 (3.1.10)
\pgf@pt@x=\dimen326
\pgf@pt@y=\dimen327
\pgf@pt@temp=\dimen328
) (e:/latex/texlive/2024/texmf-dist/tex/generic/pgf/basiclayer/pgfcorequick.code.tex
File: pgfcorequick.code.tex 2023-01-15 v3.1.10 (3.1.10)
) (e:/latex/texlive/2024/texmf-dist/tex/generic/pgf/basiclayer/pgfcoreobjects.code.tex
File: pgfcoreobjects.code.tex 2023-01-15 v3.1.10 (3.1.10)
) (e:/latex/texlive/2024/texmf-dist/tex/generic/pgf/basiclayer/pgfcorepathprocessing.code.tex
File: pgfcorepathprocessing.code.tex 2023-01-15 v3.1.10 (3.1.10)
) (e:/latex/texlive/2024/texmf-dist/tex/generic/pgf/basiclayer/pgfcorearrows.code.tex
File: pgfcorearrows.code.tex 2023-01-15 v3.1.10 (3.1.10)
\pgfarrowsep=\dimen329
) (e:/latex/texlive/2024/texmf-dist/tex/generic/pgf/basiclayer/pgfcoreshade.code.tex
File: pgfcoreshade.code.tex 2023-01-15 v3.1.10 (3.1.10)
\pgf@max=\dimen330
\pgf@sys@shading@range@num=\count520
\pgf@shadingcount=\count521
) (e:/latex/texlive/2024/texmf-dist/tex/generic/pgf/basiclayer/pgfcoreimage.code.tex
File: pgfcoreimage.code.tex 2023-01-15 v3.1.10 (3.1.10)
) (e:/latex/texlive/2024/texmf-dist/tex/generic/pgf/basiclayer/pgfcoreexternal.code.tex
File: pgfcoreexternal.code.tex 2023-01-15 v3.1.10 (3.1.10)
\pgfexternal@startupbox=\box114
) (e:/latex/texlive/2024/texmf-dist/tex/generic/pgf/basiclayer/pgfcorelayers.code.tex
File: pgfcorelayers.code.tex 2023-01-15 v3.1.10 (3.1.10)
) (e:/latex/texlive/2024/texmf-dist/tex/generic/pgf/basiclayer/pgfcoretransparency.code.tex
File: pgfcoretransparency.code.tex 2023-01-15 v3.1.10 (3.1.10)
) (e:/latex/texlive/2024/texmf-dist/tex/generic/pgf/basiclayer/pgfcorepatterns.code.tex
File: pgfcorepatterns.code.tex 2023-01-15 v3.1.10 (3.1.10)
) (e:/latex/texlive/2024/texmf-dist/tex/generic/pgf/basiclayer/pgfcorerdf.code.tex
File: pgfcorerdf.code.tex 2023-01-15 v3.1.10 (3.1.10)
))) (e:/latex/texlive/2024/texmf-dist/tex/generic/pgf/modules/pgfmoduleshapes.code.tex
File: pgfmoduleshapes.code.tex 2023-01-15 v3.1.10 (3.1.10)
\pgfnodeparttextbox=\box115
) (e:/latex/texlive/2024/texmf-dist/tex/generic/pgf/modules/pgfmoduleplot.code.tex
File: pgfmoduleplot.code.tex 2023-01-15 v3.1.10 (3.1.10)
) (e:/latex/texlive/2024/texmf-dist/tex/latex/pgf/compatibility/pgfcomp-version-0-65.sty
Package: pgfcomp-version-0-65 2023-01-15 v3.1.10 (3.1.10)
\pgf@nodesepstart=\dimen331
\pgf@nodesepend=\dimen332
) (e:/latex/texlive/2024/texmf-dist/tex/latex/pgf/compatibility/pgfcomp-version-1-18.sty
Package: pgfcomp-version-1-18 2023-01-15 v3.1.10 (3.1.10)
)) (e:/latex/texlive/2024/texmf-dist/tex/latex/pgf/utilities/pgffor.sty (e:/latex/texlive/2024/texmf-dist/tex/latex/pgf/utilities/pgfkeys.sty (e:/latex/texlive/2024/texmf-dist/tex/generic/pgf/utilities/pgfkeys.code.tex)) (e:/latex/texlive/2024/texmf-dist/tex/latex/pgf/math/pgfmath.sty (e:/latex/texlive/2024/texmf-dist/tex/generic/pgf/math/pgfmath.code.tex)) (e:/latex/texlive/2024/texmf-dist/tex/generic/pgf/utilities/pgffor.code.tex
Package: pgffor 2023-01-15 v3.1.10 (3.1.10)
\pgffor@iter=\dimen333
\pgffor@skip=\dimen334
\pgffor@stack=\toks46
\pgffor@toks=\toks47
)) (e:/latex/texlive/2024/texmf-dist/tex/generic/pgf/frontendlayer/tikz/tikz.code.tex
Package: tikz 2023-01-15 v3.1.10 (3.1.10)
 (e:/latex/texlive/2024/texmf-dist/tex/generic/pgf/libraries/pgflibraryplothandlers.code.tex
File: pgflibraryplothandlers.code.tex 2023-01-15 v3.1.10 (3.1.10)
\pgf@plot@mark@count=\count522
\pgfplotmarksize=\dimen335
)
\tikz@lastx=\dimen336
\tikz@lasty=\dimen337
\tikz@lastxsaved=\dimen338
\tikz@lastysaved=\dimen339
\tikz@lastmovetox=\dimen340
\tikz@lastmovetoy=\dimen341
\tikzleveldistance=\dimen342
\tikzsiblingdistance=\dimen343
\tikz@figbox=\box116
\tikz@figbox@bg=\box117
\tikz@tempbox=\box118
\tikz@tempbox@bg=\box119
\tikztreelevel=\count523
\tikznumberofchildren=\count524
\tikznumberofcurrentchild=\count525
\tikz@fig@count=\count526
 (e:/latex/texlive/2024/texmf-dist/tex/generic/pgf/modules/pgfmodulematrix.code.tex
File: pgfmodulematrix.code.tex 2023-01-15 v3.1.10 (3.1.10)
\pgfmatrixcurrentrow=\count527
\pgfmatrixcurrentcolumn=\count528
\pgf@matrix@numberofcolumns=\count529
)
\tikz@expandcount=\count530
 (e:/latex/texlive/2024/texmf-dist/tex/generic/pgf/frontendlayer/tikz/libraries/tikzlibrarytopaths.code.tex
File: tikzlibrarytopaths.code.tex 2023-01-15 v3.1.10 (3.1.10)
))) (e:/latex/texlive/2024/texmf-dist/tex/generic/pgf/frontendlayer/tikz/libraries/tikzlibrarybackgrounds.code.tex
File: tikzlibrarybackgrounds.code.tex 2023-01-15 v3.1.10 (3.1.10)
\pgf@layerbox@background=\box120
\pgf@layerboxsaved@background=\box121
) (e:/latex/texlive/2024/texmf-dist/tex/generic/pgf/frontendlayer/tikz/libraries/tikzlibrarycalc.code.tex
File: tikzlibrarycalc.code.tex 2023-01-15 v3.1.10 (3.1.10)
) (e:/latex/texlive/2024/texmf-dist/tex/generic/pgf/frontendlayer/tikz/libraries/tikzlibraryshadows.code.tex
File: tikzlibraryshadows.code.tex 2023-01-15 v3.1.10 (3.1.10)
 (e:/latex/texlive/2024/texmf-dist/tex/generic/pgf/frontendlayer/tikz/libraries/tikzlibraryfadings.code.tex
File: tikzlibraryfadings.code.tex 2023-01-15 v3.1.10 (3.1.10)
 (e:/latex/texlive/2024/texmf-dist/tex/generic/pgf/libraries/pgflibraryfadings.code.tex
File: pgflibraryfadings.code.tex 2023-01-15 v3.1.10 (3.1.10)
))) (e:/latex/texlive/2024/texmf-dist/tex/generic/pgf/frontendlayer/tikz/libraries/tikzlibrarypositioning.code.tex
File: tikzlibrarypositioning.code.tex 2023-01-15 v3.1.10 (3.1.10)
) (e:/latex/texlive/2024/texmf-dist/tex/generic/pgf/frontendlayer/tikz/libraries/tikzlibraryfit.code.tex
File: tikzlibraryfit.code.tex 2023-01-15 v3.1.10 (3.1.10)
) (e:/latex/texlive/2024/texmf-dist/tex/latex/apptools/apptools.sty
Package: apptools 2012/11/28 v1.0 Tools for customizing appendices
) (e:/latex/texlive/2024/texmf-dist/tex/latex/psnfss/pifont.sty
Package: pifont 2020/03/25 PSNFSS-v9.3 Pi font support (SPQR) 
LaTeX Font Info:    Trying to load font information for U+pzd on input line 63.
 (e:/latex/texlive/2024/texmf-dist/tex/latex/psnfss/upzd.fd
File: upzd.fd 2001/06/04 font definitions for U/pzd.
)
LaTeX Font Info:    Trying to load font information for U+psy on input line 64.
 (e:/latex/texlive/2024/texmf-dist/tex/latex/psnfss/upsy.fd
File: upsy.fd 2001/06/04 font definitions for U/psy.
)) (e:/latex/texlive/2024/texmf-dist/tex/latex/manfnt/manfnt.sty
Package: manfnt 1999/07/010.2LaTeX2e manfnt package
\dbend@height=\skip95
) (e:/latex/texlive/2024/texmf-dist/tex/latex/bbding/bbding.sty
Package: bbding 1999/04/15 v1.01 Dingbats symbols
) (e:/latex/texlive/2024/texmf-dist/tex/latex/tcolorbox/tcolorbox.sty
Package: tcolorbox 2024/01/10 version 6.2.0 text color boxes
 (e:/latex/texlive/2024/texmf-dist/tex/latex/tools/verbatim.sty
Package: verbatim 2023-11-06 v1.5v LaTeX2e package for verbatim enhancements
\every@verbatim=\toks48
\verbatim@line=\toks49
\verbatim@in@stream=\read6
) (e:/latex/texlive/2024/texmf-dist/tex/latex/environ/environ.sty
Package: environ 2014/05/04 v0.3 A new way to define environments
 (e:/latex/texlive/2024/texmf-dist/tex/latex/trimspaces/trimspaces.sty
Package: trimspaces 2009/09/17 v1.1 Trim spaces around a token list
))
\tcb@titlebox=\box122
\tcb@upperbox=\box123
\tcb@lowerbox=\box124
\tcb@phantombox=\box125
\c@tcbbreakpart=\count531
\c@tcblayer=\count532
\c@tcolorbox@number=\count533
\l__tcobox_tmpa_box=\box126
\l__tcobox_tmpa_dim=\dimen344
\tcb@temp=\box127
\tcb@temp=\box128
\tcb@temp=\box129
\tcb@temp=\box130
 (e:/latex/texlive/2024/texmf-dist/tex/latex/tcolorbox/tcbraster.code.tex
Library (tcolorbox): 'tcbraster.code.tex' version '6.2.0'
\c@tcbrastercolumn=\count534
\c@tcbrasterrow=\count535
\c@tcbrasternum=\count536
\c@tcbraster=\count537
) (e:/latex/texlive/2024/texmf-dist/tex/latex/tcolorbox/tcbskins.code.tex
Library (tcolorbox): 'tcbskins.code.tex' version '6.2.0'
(e:/latex/texlive/2024/texmf-dist/tex/latex/tikzfill/tikzfill.image.sty
Package: tikzfill.image 2023/08/08 v1.0.1 Image filling library for TikZ
 (e:/latex/texlive/2024/texmf-dist/tex/latex/tikzfill/tikzfill-common.sty
Package: tikzfill-common 2023/08/08 v1.0.1 Auxiliary code for tikzfill
) (e:/latex/texlive/2024/texmf-dist/tex/latex/tikzfill/tikzlibraryfill.image.code.tex
File: tikzlibraryfill.image.code.tex 2023/08/08 v1.0.1 Image filling library
\l__tikzfill_img_box=\box131
)) (e:/latex/texlive/2024/texmf-dist/tex/latex/tcolorbox/tcbskinsjigsaw.code.tex
Library (tcolorbox): 'tcbskinsjigsaw.code.tex' version '6.2.0'
)) (e:/latex/texlive/2024/texmf-dist/tex/latex/tcolorbox/tcbbreakable.code.tex
Library (tcolorbox): 'tcbbreakable.code.tex' version '6.2.0'
(e:/latex/texlive/2024/texmf-dist/tex/latex/pdfcol/pdfcol.sty
Package: pdfcol 2022-09-21 v1.7 Handle new color stacks for pdfTeX (HO)
Package pdfcol Info: Interface disabled because of missing PDF mode of pdfTeX.
)
Package pdfcol Info: pdfTeX's color stacks are not available.
\tcb@testbox=\box132
\tcb@totalupperbox=\box133
\tcb@totallowerbox=\box134
) (e:/latex/texlive/2024/texmf-dist/tex/latex/tcolorbox/tcbhooks.code.tex
Library (tcolorbox): 'tcbhooks.code.tex' version '6.2.0'
) (e:/latex/texlive/2024/texmf-dist/tex/latex/tcolorbox/tcbtheorems.code.tex
Library (tcolorbox): 'tcbtheorems.code.tex' version '6.2.0'
) (e:/latex/texlive/2024/texmf-dist/tex/latex/tcolorbox/tcbfitting.code.tex
Library (tcolorbox): 'tcbfitting.code.tex' version '6.2.0'
\tcbfitdim=\dimen345
\tcb@lowerfitdim=\dimen346
\tcb@upperfitdim=\dimen347
\tcb@cur@hbadness=\count538
))
\c@tcb@cnt@definition=\count539
\c@tcb@cnt@theorem=\count540
\c@tcb@cnt@postulate=\count541
\c@tcb@cnt@axiom=\count542
\c@tcb@cnt@corollary=\count543
\c@tcb@cnt@lemma=\count544
\c@tcb@cnt@proposition=\count545
\c@exer=\count546
\c@prob=\count547
 (e:/latex/texlive/2024/texmf-dist/tex/latex/adforn/adforn.sty
Package: adforn 2019/10/13 v1.1b adforn CFR
LaTeX Font Info:    Trying to load font information for U+OrnementsADF on input line 4.
 (e:/latex/texlive/2024/texmf-dist/tex/latex/adforn/uornementsadf.fd)) (e:/latex/texlive/2024/texmf-dist/tex/latex/fancyhdr/fancyhdr.sty
Package: fancyhdr 2022/11/09 v4.1 Extensive control of page headers and footers
\f@nch@headwidth=\skip96
\f@nch@O@elh=\skip97
\f@nch@O@erh=\skip98
\f@nch@O@olh=\skip99
\f@nch@O@orh=\skip100
\f@nch@O@elf=\skip101
\f@nch@O@erf=\skip102
\f@nch@O@olf=\skip103
\f@nch@O@orf=\skip104
) (e:/latex/texlive/2024/texmf-dist/tex/latex/fontawesome/fontawesome.sty
Package: fontawesome 2016/05/15 v4.6.3.1 font awesome icons
 (e:/latex/texlive/2024/texmf-dist/tex/generic/iftex/ifxetex.sty
Package: ifxetex 2019/10/25 v0.7 ifxetex legacy package. Use iftex instead.
) (e:/latex/texlive/2024/texmf-dist/tex/generic/iftex/ifluatex.sty
Package: ifluatex 2019/10/25 v1.5 ifluatex legacy package. Use iftex instead.
) (e:/latex/texlive/2024/texmf-dist/tex/latex/fontawesome/fontawesomesymbols-generic.tex) (e:/latex/texlive/2024/texmf-dist/tex/latex/fontawesome/fontawesomesymbols-xeluatex.tex)) (e:/latex/texlive/2024/texmf-dist/tex/latex/xhfill/xhfill.sty (e:/latex/texlive/2024/texmf-dist/tex/latex/tools/calc.sty
Package: calc 2023/07/08 v4.3 Infix arithmetic (KKT,FJ)
\calc@Acount=\count548
\calc@Bcount=\count549
\calc@Adimen=\dimen348
\calc@Bdimen=\dimen349
\calc@Askip=\skip105
\calc@Bskip=\skip106
LaTeX Info: Redefining \setlength on input line 80.
LaTeX Info: Redefining \addtolength on input line 81.
\calc@Ccount=\count550
\calc@Cskip=\skip107
)
Package: xhfill 2011/05/14\ v 1.01\ modify width and color of hrulefill
) (e:/latex/texlive/2024/texmf-dist/tex/latex/listings/listings.sty
\lst@mode=\count551
\lst@gtempboxa=\box135
\lst@token=\toks50
\lst@length=\count552
\lst@currlwidth=\dimen350
\lst@column=\count553
\lst@pos=\count554
\lst@lostspace=\dimen351
\lst@width=\dimen352
\lst@newlines=\count555
\lst@lineno=\count556
\lst@maxwidth=\dimen353
 (e:/latex/texlive/2024/texmf-dist/tex/latex/listings/lstpatch.sty
File: lstpatch.sty 2024/02/21 1.10 (Carsten Heinz)
) (e:/latex/texlive/2024/texmf-dist/tex/latex/listings/lstmisc.sty
File: lstmisc.sty 2024/02/21 1.10 (Carsten Heinz)
\c@lstnumber=\count557
\lst@skipnumbers=\count558
\lst@framebox=\box136
) (e:/latex/texlive/2024/texmf-dist/tex/latex/listings/listings.cfg
File: listings.cfg 2024/02/21 1.10 listings configuration
))
Package: listings 2024/02/21 1.10 (Carsten Heinz)
 (e:/latex/texlive/2024/texmf-dist/tex/xelatex/xecjk/xeCJK-listings.sty
Package: xeCJK-listings 2022/08/05 v3.9.1 xeCJK patch file for listings
\l__xeCJK_listings_max_char_int=\count559
\l__xeCJK_listings_flag_int=\count560
) (e:/latex/texlive/2024/texmf-dist/tex/latex/listings/lstlang1.sty
File: lstlang1.sty 2024/02/21 1.10 listings language file
) (e:/latex/texlive/2024/texmf-dist/tex/latex/listings/lstlang2.sty
File: lstlang2.sty 2024/02/21 1.10 listings language file
) (e:/latex/texlive/2024/texmf-dist/tex/latex/listings/lstlang3.sty
File: lstlang3.sty 2024/02/21 1.10 listings language file
) (e:/latex/texlive/2024/texmf-dist/tex/latex/listings/lstlang1.sty
File: lstlang1.sty 2024/02/21 1.10 listings language file
) (e:/latex/texlive/2024/texmf-dist/tex/latex/listings/lstlang2.sty
File: lstlang2.sty 2024/02/21 1.10 listings language file
) (e:/latex/texlive/2024/texmf-dist/tex/latex/listings/lstlang3.sty
File: lstlang3.sty 2024/02/21 1.10 listings language file
) (e:/latex/texlive/2024/texmf-dist/tex/latex/listings/lstlang1.sty
File: lstlang1.sty 2024/02/21 1.10 listings language file
) (e:/latex/texlive/2024/texmf-dist/tex/latex/listings/lstlang2.sty
File: lstlang2.sty 2024/02/21 1.10 listings language file
) (e:/latex/texlive/2024/texmf-dist/tex/latex/listings/lstlang3.sty
File: lstlang3.sty 2024/02/21 1.10 listings language file
) (e:/latex/texlive/2024/texmf-dist/tex/latex/listings/lstmisc.sty
File: lstmisc.sty 2024/02/21 1.10 (Carsten Heinz)
) (e:/latex/texlive/2024/texmf-dist/tex/latex/tools/bm.sty
Package: bm 2023/07/08 v1.2f Bold Symbol Support (DPC/FMi)
Package bm Info: No bold for \U/esint/m/n, using \pmb.
Package bm Info: No bold for \OMX/cmex/m/n, using \pmb.
Package bm Info: No bold for \U/rsfs/m/n, using \pmb.
Package bm Info: No bold for \U/msa/m/n, using \pmb.
Package bm Info: No bold for \U/msb/m/n, using \pmb.
) (e:/latex/texlive/2024/texmf-dist/tex/latex/tocloft/tocloft.sty
Package: tocloft 2017/08/31 v2.3i parameterised ToC, etc., typesetting
Package tocloft Info: The document has chapter divisions on input line 51.
\cftparskip=\skip108
\cftbeforetoctitleskip=\skip109
\cftaftertoctitleskip=\skip110
\cftbeforepartskip=\skip111
\cftpartnumwidth=\skip112
\cftpartindent=\skip113
\cftbeforechapskip=\skip114
\cftchapindent=\skip115
\cftchapnumwidth=\skip116
\cftbeforesecskip=\skip117
\cftsecindent=\skip118
\cftsecnumwidth=\skip119
\cftbeforesubsecskip=\skip120
\cftsubsecindent=\skip121
\cftsubsecnumwidth=\skip122
\cftbeforesubsubsecskip=\skip123
\cftsubsubsecindent=\skip124
\cftsubsubsecnumwidth=\skip125
\cftbeforeparaskip=\skip126
\cftparaindent=\skip127
\cftparanumwidth=\skip128
\cftbeforesubparaskip=\skip129
\cftsubparaindent=\skip130
\cftsubparanumwidth=\skip131
\cftbeforeloftitleskip=\skip132
\cftafterloftitleskip=\skip133
\cftbeforefigskip=\skip134
\cftfigindent=\skip135
\cftfignumwidth=\skip136
\c@lofdepth=\count561
\c@lotdepth=\count562
\cftbeforelottitleskip=\skip137
\cftafterlottitleskip=\skip138
\cftbeforetabskip=\skip139
\cfttabindent=\skip140
\cfttabnumwidth=\skip141
) (e:/latex/texlive/2024/texmf-dist/tex/latex/pgfornament/pgfornament.sty (e:/latex/texlive/2024/texmf-dist/tex/latex/pgfopts/pgfopts.sty
Package: pgfopts 2014/07/10 v2.1a LaTeX package options with pgfkeys
\pgfopts@list@add@a@toks=\toks51
\pgfopts@list@add@b@toks=\toks52
)
Package: pgfornament 2020/05/26 v1.2 vector ornaments
 (e:/latex/texlive/2024/texmf-dist/tex/latex/pgfornament/pgflibraryvectorian.code.tex
2020/04/06 1.1 pgflibraryvectorian.code.tex
)) (e:/latex/texlive/2024/texmf-dist/tex/latex/titlesec/titletoc.sty
Package: titletoc 2023/10/27 v2.16 TOC entries
\ttl@leftsep=\dimen354
) (e:/latex/texlive/2024/texmf-dist/tex/latex/wallpaper/wallpaper.sty
Package: wallpaper 2005/01/18, v1.01 easy wallpaper formatting (MHFW)
 (e:/latex/texlive/2024/texmf-dist/tex/latex/eso-pic/eso-pic.sty
Package: eso-pic 2023/05/03 v3.0c eso-pic (RN)
\ESO@tempdima=\dimen355
\ESO@tempdimb=\dimen356
)
\wpXoffset=\skip142
\wpYoffset=\skip143
\tileXoffset=\skip144
\tileYoffset=\skip145
\tilewidth=\skip146
\tileheight=\skip147
\tileX=\skip148
\tileY=\skip149
) (e:/latex/texlive/2024/texmf-dist/tex/latex/tcolorbox/tcblistings.code.tex
Library (tcolorbox): 'tcblistings.code.tex' version '6.2.0'
(e:/latex/texlive/2024/texmf-dist/tex/latex/tcolorbox/tcblistingscore.code.tex
Library (tcolorbox): 'tcblistingscore.code.tex' version '6.2.0'
(e:/latex/texlive/2024/texmf-dist/tex/latex/tcolorbox/tcbprocessing.code.tex
Library (tcolorbox): 'tcbprocessing.code.tex' version '6.2.0'
)
\c@tcblisting=\count563
))
\c@property=\count564
\c@exam=\count565
\c@assumption=\count566
 (e:/latex/texlive/2024/texmf-dist/tex/latex/mdframed/mdframed.sty
Package: mdframed 2013/07/01 1.9b: mdframed
 (e:/latex/texlive/2024/texmf-dist/tex/latex/zref/zref-abspage.sty
Package: zref-abspage 2023-09-14 v2.35 Module abspage for zref (HO)
 (e:/latex/texlive/2024/texmf-dist/tex/latex/zref/zref-base.sty
Package: zref-base 2023-09-14 v2.35 Module base for zref (HO)
 (e:/latex/texlive/2024/texmf-dist/tex/generic/etexcmds/etexcmds.sty
Package: etexcmds 2019/12/15 v1.7 Avoid name clashes with e-TeX commands (HO)
)
Package zref Info: New property list: main on input line 767.
Package zref Info: New property: default on input line 768.
Package zref Info: New property: page on input line 769.
)
\c@abspage=\count567
Package zref Info: New property: abspage on input line 67.
) (e:/latex/texlive/2024/texmf-dist/tex/latex/needspace/needspace.sty
Package: needspace 2010/09/12 v1.3d reserve vertical space
)
\mdf@templength=\skip150
\c@mdf@globalstyle@cnt=\count568
\mdf@skipabove@length=\skip151
\mdf@skipbelow@length=\skip152
\mdf@leftmargin@length=\skip153
\mdf@rightmargin@length=\skip154
\mdf@innerleftmargin@length=\skip155
\mdf@innerrightmargin@length=\skip156
\mdf@innertopmargin@length=\skip157
\mdf@innerbottommargin@length=\skip158
\mdf@splittopskip@length=\skip159
\mdf@splitbottomskip@length=\skip160
\mdf@outermargin@length=\skip161
\mdf@innermargin@length=\skip162
\mdf@linewidth@length=\skip163
\mdf@innerlinewidth@length=\skip164
\mdf@middlelinewidth@length=\skip165
\mdf@outerlinewidth@length=\skip166
\mdf@roundcorner@length=\skip167
\mdf@footenotedistance@length=\skip168
\mdf@userdefinedwidth@length=\skip169
\mdf@needspace@length=\skip170
\mdf@frametitleaboveskip@length=\skip171
\mdf@frametitlebelowskip@length=\skip172
\mdf@frametitlerulewidth@length=\skip173
\mdf@frametitleleftmargin@length=\skip174
\mdf@frametitlerightmargin@length=\skip175
\mdf@shadowsize@length=\skip176
\mdf@extratopheight@length=\skip177
\mdf@subtitleabovelinewidth@length=\skip178
\mdf@subtitlebelowlinewidth@length=\skip179
\mdf@subtitleaboveskip@length=\skip180
\mdf@subtitlebelowskip@length=\skip181
\mdf@subtitleinneraboveskip@length=\skip182
\mdf@subtitleinnerbelowskip@length=\skip183
\mdf@subsubtitleabovelinewidth@length=\skip184
\mdf@subsubtitlebelowlinewidth@length=\skip185
\mdf@subsubtitleaboveskip@length=\skip186
\mdf@subsubtitlebelowskip@length=\skip187
\mdf@subsubtitleinneraboveskip@length=\skip188
\mdf@subsubtitleinnerbelowskip@length=\skip189
 (e:/latex/texlive/2024/texmf-dist/tex/latex/mdframed/md-frame-0.mdf
File: md-frame-0.mdf 2013/07/01\ 1.9b: md-frame-0
)
\mdf@frametitlebox=\box137
\mdf@footnotebox=\box138
\mdf@splitbox@one=\box139
\mdf@splitbox@two=\box140
\mdf@splitbox@save=\box141
\mdfsplitboxwidth=\skip190
\mdfsplitboxtotalwidth=\skip191
\mdfsplitboxheight=\skip192
\mdfsplitboxdepth=\skip193
\mdfsplitboxtotalheight=\skip194
\mdfframetitleboxwidth=\skip195
\mdfframetitleboxtotalwidth=\skip196
\mdfframetitleboxheight=\skip197
\mdfframetitleboxdepth=\skip198
\mdfframetitleboxtotalheight=\skip199
\mdffootnoteboxwidth=\skip256
\mdffootnoteboxtotalwidth=\skip257
\mdffootnoteboxheight=\skip258
\mdffootnoteboxdepth=\skip259
\mdffootnoteboxtotalheight=\skip260
\mdftotallinewidth=\skip261
\mdfboundingboxwidth=\skip262
\mdfboundingboxtotalwidth=\skip263
\mdfboundingboxheight=\skip264
\mdfboundingboxdepth=\skip265
\mdfboundingboxtotalheight=\skip266
\mdf@freevspace@length=\skip267
\mdf@horizontalwidthofbox@length=\skip268
\mdf@verticalmarginwhole@length=\skip269
\mdf@horizontalspaceofbox=\skip270
\mdfsubtitleheight=\skip271
\mdfsubsubtitleheight=\skip272
\c@mdfcountframes=\count569

****** mdframed patching \endmdf@trivlist

****** -- success******

\mdf@envdepth=\count570
\c@mdf@env@i=\count571
\c@mdf@env@ii=\count572
\c@mdf@zref@counter=\count573
Package zref Info: New property: mdf@pagevalue on input line 895.
)
\c@reidaibangou=\count574
 (e:/latex/texlive/2024/texmf-dist/tex/latex/varwidth/varwidth.sty
Package: varwidth 2009/03/30 ver 0.92;  Variable-width minipages
\@vwid@box=\box142
\sift@deathcycles=\count575
\@vwid@loff=\dimen357
\@vwid@roff=\dimen358
)
\c@question=\count576
\ys@frame@linewidth=\dimen359
\ys@frame@radius=\dimen360
\ys@frame@sep=\dimen361
) (e:/latex/texlive/2024/texmf-dist/tex/latex/cprotect/cprotect.sty
Package: cprotect 2011/01/27 v1.0e (Bruno Le Floch)
 (e:/latex/texlive/2024/texmf-dist/tex/latex/bigfoot/suffix.sty
Package: suffix 2006/07/15 1.5a Variant command support
)
\CPT@WriteOut=\write7
\c@CPT@WriteCount=\count577
\c@CPT@numB=\count578
\CPT@commandatend@toks=\toks53
) (e:/latex/texlive/2024/texmf-dist/tex/latex/zhlipsum/zhlipsum.sty
Package: zhlipsum 2020/04/10 v1.2.0 Chinese dummy text
\l__zhlipsum_begin_int=\count579
\l__zhlipsum_end_int=\count580
\l__zhlipsum_max_int=\count581
 (e:/latex/texlive/2024/texmf-dist/tex/latex/zhlipsum/zhlipsum-utf8.def
File: zhlipsum-utf8.def 2020/04/10 v1.2.0 Chinese dummy text with UTF-8 encoding (for zhlipsum)
\g__zhlipsum_simp_int=\count582

Package zhlipsum Info: Chinese dummy text "simp" is created. It has 50
(zhlipsum)             paragraphs.

\g__zhlipsum_trad_int=\count583

Package zhlipsum Info: Chinese dummy text "trad" is created. It has 50
(zhlipsum)             paragraphs.

\g__zhlipsum_nanshanjing_int=\count584

Package zhlipsum Info: Chinese dummy text "nanshanjing" is created. It has 43
(zhlipsum)             paragraphs.

\g__zhlipsum_xiangyu_int=\count585

Package zhlipsum Info: Chinese dummy text "xiangyu" is created. It has 45
(zhlipsum)             paragraphs.

\g__zhlipsum_zhufu_int=\count586

Package zhlipsum Info: Chinese dummy text "zhufu" is created. It has 110
(zhlipsum)             paragraphs.

\g__zhlipsum_aspirin_int=\count587

Package zhlipsum Info: Chinese dummy text "aspirin" is created. It has 66
(zhlipsum)             paragraphs.

)) (e:/latex/texlive/2024/texmf-dist/tex/latex/tools/longtable.sty
Package: longtable 2023-11-01 v4.19 Multi-page Table package (DPC)
\LTleft=\skip273
\LTright=\skip274
\LTpre=\skip275
\LTpost=\skip276
\LTchunksize=\count588
\LTcapwidth=\dimen362
\LT@head=\box143
\LT@firsthead=\box144
\LT@foot=\box145
\LT@lastfoot=\box146
\LT@gbox=\box147
\LT@cols=\count589
\LT@rows=\count590
\c@LT@tables=\count591
\c@LT@chunks=\count592
\LT@p@ftn=\toks54
) (e:/latex/texlive/2024/texmf-dist/tex/latex/animate/animate.sty
Package: animate 2023/06/18 PDF & SVG animations from files and inline graphics
 (e:/latex/texlive/2024/texmf-dist/tex/latex/oberdiek/ifdraft.sty
Package: ifdraft 2016/05/16 v1.4 Detect class options draft and final (HO)
) (e:/latex/texlive/2024/texmf-dist/tex/latex/media9/pdfbase.sty
Package: pdfbase 2022/08/04 v0.55 driver independent access to low-level PDF features
\g_pbs_page_int=\count593
\g_pbs_obj_int=\count594
\g_pbs_oc_int=\count595
) (e:/latex/texlive/2024/texmf-dist/tex/latex/ocgx2/ocgbase.sty
Package: ocgbase 2022/08/04 v0.22 support package for ocgx2.sty
\g_ocgbase_nd_int=\count596
)
\@anim@box=\box148
\@anim@measbox=\box149
\@anim@tmpdima=\dimen363
\@anim@tmpdimb=\dimen364
\@anim@num=\count597
\@anim@curframe=\count598
\@anim@curframe@zb=\count599
\@anim@resizeflags=\count600
\@anim@skipfram=\count601
\@anim@mulframecnt=\count602
\@anim@@tmlnfile=\read7
\@anim@tmpcnt=\count603
\c@@anim@ltxcnt=\count604
\@anim@curlayer=\count605
\@anim@lineno=\count606
\@anim@curfield=\count607
\@anim@@resizeflags=\count608
)
Package csquotes Info: Checking for multilingual support...
Package csquotes Info: ... none found.
 (./main.aux

LaTeX Warning: Label `' multiply defined.


LaTeX Warning: Label `' multiply defined.


LaTeX Warning: Label `' multiply defined.


LaTeX Warning: Label `' multiply defined.


LaTeX Warning: Label `' multiply defined.


LaTeX Warning: Label `' multiply defined.


LaTeX Warning: Label `' multiply defined.


LaTeX Warning: Label `' multiply defined.


LaTeX Warning: Label `' multiply defined.


LaTeX Warning: Label `' multiply defined.


LaTeX Warning: Label `' multiply defined.


LaTeX Warning: Label `' multiply defined.


LaTeX Warning: Label `' multiply defined.


LaTeX Warning: Label `' multiply defined.


LaTeX Warning: Label `' multiply defined.


LaTeX Warning: Label `' multiply defined.


LaTeX Warning: Label `' multiply defined.


LaTeX Warning: Label `' multiply defined.


LaTeX Warning: Label `' multiply defined.


LaTeX Warning: Label `' multiply defined.


LaTeX Warning: Label `' multiply defined.


LaTeX Warning: Label `' multiply defined.


LaTeX Warning: Label `' multiply defined.


LaTeX Warning: Label `' multiply defined.


LaTeX Warning: Label `' multiply defined.


LaTeX Warning: Label `' multiply defined.

)
\openout1 = `main.aux'.

LaTeX Font Info:    Checking defaults for OML/ntxmi/m/it on input line 32.
LaTeX Font Info:    Trying to load font information for OML+ntxmi on input line 32.
 (e:/latex/texlive/2024/texmf-dist/tex/latex/newtx/omlntxmi.fd
File: omlntxmi.fd 2015/08/25 Fontinst v1.933 font definitions for OML/ntxmi.
)
LaTeX Font Info:    ... okay on input line 32.
LaTeX Font Info:    Checking defaults for OMS/cmsy/m/n on input line 32.
LaTeX Font Info:    ... okay on input line 32.
LaTeX Font Info:    Checking defaults for OT1/cmr/m/n on input line 32.
LaTeX Font Info:    ... okay on input line 32.
LaTeX Font Info:    Checking defaults for T1/cmr/m/n on input line 32.
LaTeX Font Info:    ... okay on input line 32.
LaTeX Font Info:    Checking defaults for TS1/cmr/m/n on input line 32.
LaTeX Font Info:    ... okay on input line 32.
LaTeX Font Info:    Checking defaults for TU/lmr/m/n on input line 32.
LaTeX Font Info:    ... okay on input line 32.
LaTeX Font Info:    Checking defaults for OMX/cmex/m/n on input line 32.
LaTeX Font Info:    ... okay on input line 32.
LaTeX Font Info:    Checking defaults for U/ntxexa/m/n on input line 32.
LaTeX Font Info:    Trying to load font information for U+ntxexa on input line 32.
 (e:/latex/texlive/2024/texmf-dist/tex/latex/newtx/untxexa.fd
File: untxexa.fd 2012/04/16 Fontinst v1.933 font definitions for U/ntxexa.
)
LaTeX Font Info:    ... okay on input line 32.
LaTeX Font Info:    Checking defaults for PD1/pdf/m/n on input line 32.
LaTeX Font Info:    ... okay on input line 32.
LaTeX Font Info:    Checking defaults for PU/pdf/m/n on input line 32.
LaTeX Font Info:    ... okay on input line 32.
LaTeX Font Info:    Checking defaults for LMS/ntxsy/m/n on input line 32.
LaTeX Font Info:    Trying to load font information for LMS+ntxsy on input line 32.
 (e:/latex/texlive/2024/texmf-dist/tex/latex/newtx/lmsntxsy.fd
File: lmsntxsy.fd 2016/07/02 Fontinst v1.933 font definitions for LMS/ntxsy.
)
LaTeX Font Info:    ... okay on input line 32.
LaTeX Font Info:    Checking defaults for LMX/ntxexx/m/n on input line 32.
LaTeX Font Info:    Trying to load font information for LMX+ntxexx on input line 32.
 (e:/latex/texlive/2024/texmf-dist/tex/latex/newtx/lmxntxexx.fd
File: lmxntxexx.fd 2016/07/03 Fontinst v1.933 font definitions for LMX/ntxexx.
)
LaTeX Font Info:    ... okay on input line 32.
Package hyperref Info: Link coloring ON on input line 32.
 (./main.out) (./main.out)
\@outlinefile=\write8
\openout8 = `main.out'.


*geometry* driver: auto-detecting
*geometry* detected driver: xetex
*geometry* verbose mode - [ preamble ] result:
* driver: xetex
* paper: a4paper
* layout: <same size as paper>
* layoutoffset:(h,v)=(0.0pt,0.0pt)
* modes: 
* h-part:(L,W,R)=(56.9055pt, 483.69687pt, 56.9055pt)
* v-part:(T,H,B)=(72.26997pt, 700.5069pt, 72.26997pt)
* \paperwidth=597.50787pt
* \paperheight=845.04684pt
* \textwidth=483.69687pt
* \textheight=700.5069pt
* \oddsidemargin=-15.36449pt
* \evensidemargin=-15.36449pt
* \topmargin=-73.12352pt
* \headheight=61.74242pt
* \headsep=11.38109pt
* \topskip=10.0pt
* \footskip=34.1433pt
* \marginparwidth=61.0pt
* \marginparsep=7.0pt
* \columnsep=10.0pt
* \skip\footins=9.0pt plus 4.0pt minus 2.0pt
* \hoffset=0.0pt
* \voffset=0.0pt
* \mag=1000
* \@twocolumnfalse
* \@twosidefalse
* \@mparswitchfalse
* \@reversemarginfalse
* (1in=72.27pt=25.4mm, 1cm=28.453pt)

LaTeX Info: Command `\dddot' is already robust on input line 32.
LaTeX Info: Command `\ddddot' is already robust on input line 32.
Package caption Info: Begin \AtBeginDocument code.
Package caption Info: listings package is loaded.
Package caption Info: longtable package is loaded.
(e:/latex/texlive/2024/texmf-dist/tex/latex/caption/ltcaption.sty
Package: ltcaption 2021/01/08 v1.4c longtable captions (AR)
)
Package caption Info: End \AtBeginDocument code.
 (e:/latex/texlive/2024/texmf-dist/tex/latex/footmisc/footmisc.sty
Package: footmisc 2023/07/05 v6.0f a miscellany of footnote facilities
\FN@temptoken=\toks55
\footnotemargin=\dimen365
\@outputbox@depth=\dimen366
Package footmisc Info: Declaring symbol style bringhurst on input line 696.
Package footmisc Info: Declaring symbol style chicago on input line 704.
Package footmisc Info: Declaring symbol style wiley on input line 713.
Package footmisc Info: Declaring symbol style lamport-robust on input line 724.
Package footmisc Info: Declaring symbol style lamport* on input line 744.
Package footmisc Info: Declaring symbol style lamport*-robust on input line 765.
)
Package biblatex Info: Trying to load language 'english'...
Package biblatex Info: ... file 'english.lbx' found.
 (e:/latex/texlive/2024/texmf-dist/tex/latex/biblatex/lbx/english.lbx
File: english.lbx 2023/03/05 v3.19 biblatex localization (PK/MW)
)
Package biblatex Info: XeTeX detected.
(biblatex)             Assuming input encoding 'utf8'.
Package biblatex Info: Automatic encoding selection.
(biblatex)             Assuming data encoding 'utf8'.
\openout5 = `main.bcf'.

Package biblatex Info: Trying to load bibliographic data...
Package biblatex Info: ... file 'main.bbl' not found.

No file main.bbl.
Package biblatex Info: Reference section=0 on input line 32.
Package biblatex Info: Reference segment=0 on input line 32.
\c@lstlisting=\count609
Package hyperref Info: Option `pageanchor' set `false' on input line 35.
*geometry* verbose mode - [ newgeometry ] result:
* driver: xetex
* paper: a4paper
* layout: <same size as paper>
* layoutoffset:(h,v)=(0.0pt,0.0pt)
* modes: 
* h-part:(L,W,R)=(0.0pt, 597.50787pt, 0.0pt)
* v-part:(T,H,B)=(0.0pt, 845.04684pt, 0.0pt)
* \paperwidth=597.50787pt
* \paperheight=845.04684pt
* \textwidth=597.50787pt
* \textheight=845.04684pt
* \oddsidemargin=-72.26999pt
* \evensidemargin=-72.26999pt
* \topmargin=-145.3935pt
* \headheight=61.74242pt
* \headsep=11.38109pt
* \topskip=10.0pt
* \footskip=34.1433pt
* \marginparwidth=61.0pt
* \marginparsep=7.0pt
* \columnsep=10.0pt
* \skip\footins=9.0pt plus 4.0pt minus 2.0pt
* \hoffset=0.0pt
* \voffset=0.0pt
* \mag=1000
* \@twocolumnfalse
* \@twosidefalse
* \@mparswitchfalse
* \@reversemarginfalse
* (1in=72.27pt=25.4mm, 1cm=28.453pt)

File: ./figure/2.jpg Graphic file (type bmp)
<./figure/2.jpg>
LaTeX Font Info:    Trying to load font information for OT1+ntxtlf on input line 35.
(e:/latex/texlive/2024/texmf-dist/tex/latex/newtx/ot1ntxtlf.fd
File: ot1ntxtlf.fd 2021/05/24 v1.0 font definition file for OT1/ntx/tlf
)
LaTeX Font Info:    Trying to load font information for U+ntxmia on input line 35.
 (e:/latex/texlive/2024/texmf-dist/tex/latex/newtx/untxmia.fd
File: untxmia.fd 2018/04/14 Fontinst v1.933 font definitions for U/ntxmia.
)
LaTeX Font Info:    Trying to load font information for U+ntxsym on input line 35.
 (e:/latex/texlive/2024/texmf-dist/tex/latex/newtx/untxsym.fd
File: untxsym.fd 2023/08/16 Fontinst v1.933 font definitions for U/ntxsym.
)
LaTeX Font Info:    Trying to load font information for U+ntxsyc on input line 35.
 (e:/latex/texlive/2024/texmf-dist/tex/latex/newtx/untxsyc.fd
File: untxsyc.fd 2012/04/12 Fontinst v1.933 font definitions for U/ntxsyc.
)
LaTeX Font Info:    Trying to load font information for U+esint on input line 35.
 (e:/latex/texlive/2024/texmf-dist/tex/latex/esint/uesint.fd
File: uesint.fd 
)
LaTeX Font Info:    Trying to load font information for U+rsfs on input line 35.
 (e:/latex/texlive/2024/texmf-dist/tex/latex/jknapltx/ursfs.fd
File: ursfs.fd 1998/03/24 rsfs font definition file (jk)
)
LaTeX Font Info:    Trying to load font information for U+msa on input line 35.
 (e:/latex/texlive/2024/texmf-dist/tex/latex/amsfonts/umsa.fd
File: umsa.fd 2013/01/14 v3.01 AMS symbols A
)
LaTeX Font Info:    Trying to load font information for U+msb on input line 35.
 (e:/latex/texlive/2024/texmf-dist/tex/latex/amsfonts/umsb.fd
File: umsb.fd 2013/01/14 v3.01 AMS symbols B
)
File: ./figure/1.jpg Graphic file (type bmp)
<./figure/1.jpg>
 [1



]
File: ./figure/q2.pdf Graphic file (type pdf)
<use ./figure/q2.pdf>
LaTeX Font Info:    Font shape `TU/lmss/b/n' in size <20.74> not available
(Font)              Font shape `TU/lmss/bx/n' tried instead on input line 39.
 (./main.toc

LaTeX Font Warning: Font shape `TU/SimHei(0)/b/n' undefined
(Font)              using `TU/SimHei(0)/m/n' instead on input line 1.


Overfull \hbox (28.46957pt too wide) in paragraph at lines 2--2
 []|[][] [][][][][][]   [][][][][][] 
 []

[1



] [2]
Overfull \hbox (28.46957pt too wide) in paragraph at lines 76--76
 []|[][] [][][][][][]   [][][][][][] 
 []

[3]
Overfull \hbox (28.46957pt too wide) in paragraph at lines 134--134
 []|[][] [][][][][][]   [][][][][][] 
 []

[4]
Overfull \hbox (0.24997pt too wide) detected at line 167
 [][]\TU/CMUTypewriterText(0)/b/n/10 101[][]
 []


Overfull \hbox (0.24997pt too wide) detected at line 171
 [][]\TU/CMUTypewriterText(0)/b/n/10 102[][]
 []


Overfull \hbox (0.24997pt too wide) detected at line 172
 [][]\TU/CMUTypewriterText(0)/b/n/10 102[][]
 []


Overfull \hbox (0.24997pt too wide) detected at line 176
 [][]\TU/CMUTypewriterText(0)/b/n/10 104[][]
 []


Overfull \hbox (0.24997pt too wide) detected at line 179
 [][]\TU/CMUTypewriterText(0)/b/n/10 105[][]
 []


Overfull \hbox (0.24997pt too wide) detected at line 182
 [][]\TU/CMUTypewriterText(0)/b/n/10 106[][]
 []


Overfull \hbox (28.46957pt too wide) in paragraph at lines 183--183
 []|[][] [][][][][][]   [][][][][][] 
 []


Overfull \hbox (0.24997pt too wide) detected at line 184
 [][]\TU/CMUTypewriterText(0)/b/n/10 108[][]
 []


Overfull \hbox (0.24997pt too wide) detected at line 185
 [][]\TU/CMUTypewriterText(0)/b/n/10 108[][]
 []


Overfull \hbox (0.24997pt too wide) detected at line 186
 [][]\TU/CMUTypewriterText(0)/b/n/10 108[][]
 []


Overfull \hbox (0.24997pt too wide) detected at line 187
 [][]\TU/CMUTypewriterText(0)/b/n/10 108[][]
 []


Overfull \hbox (0.24997pt too wide) detected at line 188
 [][]\TU/CMUTypewriterText(0)/b/n/10 109[][]
 []


Overfull \hbox (0.24997pt too wide) detected at line 189
 [][]\TU/CMUTypewriterText(0)/b/n/10 110[][]
 []


Overfull \hbox (0.24997pt too wide) detected at line 190
 [][]\TU/CMUTypewriterText(0)/b/n/10 111[][]
 []


Overfull \hbox (0.24997pt too wide) detected at line 191
 [][]\TU/CMUTypewriterText(0)/b/n/10 111[][]
 []


Overfull \hbox (0.24997pt too wide) detected at line 192
 [][]\TU/CMUTypewriterText(0)/b/n/10 111[][]
 []


Overfull \hbox (0.24997pt too wide) detected at line 193
 [][]\TU/CMUTypewriterText(0)/b/n/10 112[][]
 []


Overfull \hbox (0.24997pt too wide) detected at line 194
 [][]\TU/CMUTypewriterText(0)/b/n/10 113[][]
 []


Overfull \hbox (0.24997pt too wide) detected at line 195
 [][]\TU/CMUTypewriterText(0)/b/n/10 113[][]
 []


Overfull \hbox (0.24997pt too wide) detected at line 196
 [][]\TU/CMUTypewriterText(0)/b/n/10 113[][]
 []


Overfull \hbox (0.24997pt too wide) detected at line 197
 [][]\TU/CMUTypewriterText(0)/b/n/10 113[][]
 []


Overfull \hbox (0.24997pt too wide) detected at line 198
 [][]\TU/CMUTypewriterText(0)/b/n/10 114[][]
 []


Overfull \hbox (0.24997pt too wide) detected at line 201
 [][]\TU/CMUTypewriterText(0)/b/n/10 115[][]
 []


Overfull \hbox (0.24997pt too wide) detected at line 202
 [][]\TU/CMUTypewriterText(0)/b/n/10 116[][]
 []


Overfull \hbox (0.24997pt too wide) detected at line 203
 [][]\TU/CMUTypewriterText(0)/b/n/10 116[][]
 []


Overfull \hbox (0.24997pt too wide) detected at line 204
 [][]\TU/CMUTypewriterText(0)/b/n/10 116[][]
 []

[5]
Overfull \hbox (0.24997pt too wide) detected at line 205
 [][]\TU/CMUTypewriterText(0)/b/n/10 116[][]
 []


Overfull \hbox (0.24997pt too wide) detected at line 209
 [][]\TU/CMUTypewriterText(0)/b/n/10 118[][]
 []


Overfull \hbox (0.24997pt too wide) detected at line 210
 [][]\TU/CMUTypewriterText(0)/b/n/10 118[][]
 []


Overfull \hbox (0.24997pt too wide) detected at line 211
 [][]\TU/CMUTypewriterText(0)/b/n/10 118[][]
 []


Overfull \hbox (0.24997pt too wide) detected at line 212
 [][]\TU/CMUTypewriterText(0)/b/n/10 119[][]
 []


Overfull \hbox (0.24997pt too wide) detected at line 215
 [][]\TU/CMUTypewriterText(0)/b/n/10 119[][]
 []


Overfull \hbox (0.24997pt too wide) detected at line 216
 [][]\TU/CMUTypewriterText(0)/b/n/10 120[][]
 []


Overfull \hbox (0.24997pt too wide) detected at line 219
 [][]\TU/CMUTypewriterText(0)/b/n/10 120[][]
 []


Overfull \hbox (0.24997pt too wide) detected at line 222
 [][]\TU/CMUTypewriterText(0)/b/n/10 121[][]
 []


Overfull \hbox (0.24997pt too wide) detected at line 223
 [][]\TU/CMUTypewriterText(0)/b/n/10 121[][]
 []


Overfull \hbox (0.24997pt too wide) detected at line 224
 [][]\TU/CMUTypewriterText(0)/b/n/10 122[][]
 []


Overfull \hbox (0.24997pt too wide) detected at line 228
 [][]\TU/CMUTypewriterText(0)/b/n/10 123[][]
 []


Overfull \hbox (0.24997pt too wide) detected at line 229
 [][]\TU/CMUTypewriterText(0)/b/n/10 123[][]
 []


Overfull \hbox (0.24997pt too wide) detected at line 230
 [][]\TU/CMUTypewriterText(0)/b/n/10 123[][]
 []


Overfull \hbox (0.24997pt too wide) detected at line 231
 [][]\TU/CMUTypewriterText(0)/b/n/10 123[][]
 []


Overfull \hbox (0.24997pt too wide) detected at line 234
 [][]\TU/CMUTypewriterText(0)/b/n/10 125[][]
 []


Overfull \hbox (0.24997pt too wide) detected at line 235
 [][]\TU/CMUTypewriterText(0)/b/n/10 125[][]
 []


Overfull \hbox (0.24997pt too wide) detected at line 236
 [][]\TU/CMUTypewriterText(0)/b/n/10 125[][]
 []


Overfull \hbox (0.24997pt too wide) detected at line 237
 [][]\TU/CMUTypewriterText(0)/b/n/10 125[][]
 []


Overfull \hbox (0.24997pt too wide) detected at line 238
 [][]\TU/CMUTypewriterText(0)/b/n/10 126[][]
 []


Overfull \hbox (0.24997pt too wide) detected at line 239
 [][]\TU/CMUTypewriterText(0)/b/n/10 126[][]
 []


Overfull \hbox (0.24997pt too wide) detected at line 240
 [][]\TU/CMUTypewriterText(0)/b/n/10 127[][]
 []


Overfull \hbox (0.24997pt too wide) detected at line 241
 [][]\TU/CMUTypewriterText(0)/b/n/10 128[][]
 []


Overfull \hbox (0.24997pt too wide) detected at line 242
 [][]\TU/CMUTypewriterText(0)/b/n/10 128[][]
 []


Overfull \hbox (0.24997pt too wide) detected at line 243
 [][]\TU/CMUTypewriterText(0)/b/n/10 129[][]
 []


Overfull \hbox (0.24997pt too wide) detected at line 244
 [][]\TU/CMUTypewriterText(0)/b/n/10 129[][]
 []


Overfull \hbox (0.24997pt too wide) detected at line 245
 [][]\TU/CMUTypewriterText(0)/b/n/10 129[][]
 []


Overfull \hbox (0.24997pt too wide) detected at line 246
 [][]\TU/CMUTypewriterText(0)/b/n/10 129[][]
 []


Overfull \hbox (0.24997pt too wide) detected at line 247
 [][]\TU/CMUTypewriterText(0)/b/n/10 130[][]
 []

[6]
Overfull \hbox (0.24997pt too wide) detected at line 248
 [][]\TU/CMUTypewriterText(0)/b/n/10 130[][]
 []


Overfull \hbox (0.24997pt too wide) detected at line 249
 [][]\TU/CMUTypewriterText(0)/b/n/10 130[][]
 []


Overfull \hbox (0.24997pt too wide) detected at line 250
 [][]\TU/CMUTypewriterText(0)/b/n/10 130[][]
 []


Overfull \hbox (0.24997pt too wide) detected at line 251
 [][]\TU/CMUTypewriterText(0)/b/n/10 131[][]
 []


Overfull \hbox (0.24997pt too wide) detected at line 252
 [][]\TU/CMUTypewriterText(0)/b/n/10 132[][]
 []


Overfull \hbox (0.24997pt too wide) detected at line 253
 [][]\TU/CMUTypewriterText(0)/b/n/10 133[][]
 []


Overfull \hbox (0.24997pt too wide) detected at line 254
 [][]\TU/CMUTypewriterText(0)/b/n/10 133[][]
 []


Overfull \hbox (0.24997pt too wide) detected at line 255
 [][]\TU/CMUTypewriterText(0)/b/n/10 133[][]
 []


Overfull \hbox (0.24997pt too wide) detected at line 256
 [][]\TU/CMUTypewriterText(0)/b/n/10 133[][]
 []


Overfull \hbox (0.24997pt too wide) detected at line 259
 [][]\TU/CMUTypewriterText(0)/b/n/10 134[][]
 []


Overfull \hbox (0.24997pt too wide) detected at line 260
 [][]\TU/CMUTypewriterText(0)/b/n/10 134[][]
 []


Overfull \hbox (28.46957pt too wide) in paragraph at lines 265--265
 []|[][] [][][][][][]   [][][][][][] 
 []


Overfull \hbox (0.24997pt too wide) detected at line 266
 [][]\TU/CMUTypewriterText(0)/b/n/10 137[][]
 []


Overfull \hbox (0.24997pt too wide) detected at line 267
 [][]\TU/CMUTypewriterText(0)/b/n/10 137[][]
 []


Overfull \hbox (0.24997pt too wide) detected at line 268
 [][]\TU/CMUTypewriterText(0)/b/n/10 137[][]
 []


Overfull \hbox (0.24997pt too wide) detected at line 269
 [][]\TU/CMUTypewriterText(0)/b/n/10 137[][]
 []


Overfull \hbox (0.24997pt too wide) detected at line 275
 [][]\TU/CMUTypewriterText(0)/b/n/10 140[][]
 []


Overfull \hbox (0.24997pt too wide) detected at line 276
 [][]\TU/CMUTypewriterText(0)/b/n/10 141[][]
 []


Overfull \hbox (0.24997pt too wide) detected at line 282
 [][]\TU/CMUTypewriterText(0)/b/n/10 145[][]
 []


Overfull \hbox (0.24997pt too wide) detected at line 285
 [][]\TU/CMUTypewriterText(0)/b/n/10 145[][]
 []


Overfull \hbox (0.24997pt too wide) detected at line 286
 [][]\TU/CMUTypewriterText(0)/b/n/10 149[][]
 []


Overfull \hbox (0.24997pt too wide) detected at line 287
 [][]\TU/CMUTypewriterText(0)/b/n/10 149[][]
 []


Overfull \hbox (0.24997pt too wide) detected at line 288
 [][]\TU/CMUTypewriterText(0)/b/n/10 150[][]
 []

[7])
\tf@toc=\write9
\openout9 = `main.toc'.

 [8] (./note/prologue/prologue.tex
Chapter 0.
File: ./figure/18.jpg Graphic file (type bmp)
<./figure/18.jpg>

LaTeX Font Warning: Font shape `TU/KaiTi(0)/b/n' undefined
(Font)              using `TU/KaiTi(0)/m/n' instead on input line 2.


LaTeX Font Warning: Font shape `TU/FontAwesome(0)/b/n' undefined
(Font)              using `TU/FontAwesome(0)/m/n' instead on input line 2.

) [1


] (e:/latex/texlive/2024/texmf-dist/tex/generic/pgfornament/vectorian/vectorian72.pgf) (e:/latex/texlive/2024/texmf-dist/tex/generic/pgfornament/vectorian/vectorian73.pgf) (e:/latex/texlive/2024/texmf-dist/tex/generic/pgfornament/vectorian/vectorian85.pgf)
\c@ttl@toc@default=\count610
 (./main.ptc)
File: ./figure/cov18.pdf Graphic file (type pdf)
<use ./figure/cov18.pdf>
 [2

] (./note/mathmodel/mathmodel.tex
Chapter 1.
File: ./figure/9.jpg Graphic file (type bmp)
<./figure/9.jpg>
File: note/mathmodel/figure/1.png Graphic file (type bmp)
<note/mathmodel/figure/1.png>
File: note/mathmodel/figure/2.png Graphic file (type bmp)
<note/mathmodel/figure/2.png>
[3

] [4]
File: note/mathmodel/figure/3.png Graphic file (type bmp)
<note/mathmodel/figure/3.png>
File: note/mathmodel/figure/4.png Graphic file (type bmp)
<note/mathmodel/figure/4.png>
 [5]
File: note/mathmodel/figure/5.png Graphic file (type bmp)
<note/mathmodel/figure/5.png>
File: note/mathmodel/figure/6.png Graphic file (type bmp)
<note/mathmodel/figure/6.png>
File: note/mathmodel/figure/7.png Graphic file (type bmp)
<note/mathmodel/figure/7.png>
File: note/mathmodel/figure/8.png Graphic file (type bmp)
<note/mathmodel/figure/8.png>
File: note/mathmodel/figure/9.png Graphic file (type bmp)
<note/mathmodel/figure/9.png>
File: note/mathmodel/figure/10.png Graphic file (type bmp)
<note/mathmodel/figure/10.png>
File: note/mathmodel/figure/11.png Graphic file (type bmp)
<note/mathmodel/figure/11.png>
File: note/mathmodel/figure/12.png Graphic file (type bmp)
<note/mathmodel/figure/12.png>
File: note/mathmodel/figure/13.png Graphic file (type bmp)
<note/mathmodel/figure/13.png>
 [6]
File: note/mathmodel/figure/14.png Graphic file (type bmp)
<note/mathmodel/figure/14.png>
File: note/mathmodel/figure/15.png Graphic file (type bmp)
<note/mathmodel/figure/15.png>
File: note/mathmodel/figure/16.png Graphic file (type bmp)
<note/mathmodel/figure/16.png>
File: note/mathmodel/figure/17.png Graphic file (type bmp)
<note/mathmodel/figure/17.png>
File: note/mathmodel/figure/18.png Graphic file (type bmp)
<note/mathmodel/figure/18.png>
File: note/mathmodel/figure/19.png Graphic file (type bmp)
<note/mathmodel/figure/19.png>
File: note/mathmodel/figure/20.png Graphic file (type bmp)
<note/mathmodel/figure/20.png>
 [7]
File: note/mathmodel/figure/21.png Graphic file (type bmp)
<note/mathmodel/figure/21.png>
 [8]
File: note/mathmodel/figure/22.png Graphic file (type bmp)
<note/mathmodel/figure/22.png>

Overfull \hbox (6.80373pt too wide) detected at line 297
[]
 []


Overfull \hbox (25.0pt too wide) detected at line 297
[]
 []

[9]) (./note/time-domain analysis/time-domain analysis.tex [10]
Chapter 2.
File: ./figure/10.jpg Graphic file (type bmp)
<./figure/10.jpg>
File: note/time-domain analysis/figure/1.png Graphic file (type bmp)
<note/time-domain analysis/figure/1.png>
File: note/time-domain analysis/figure/2.png Graphic file (type bmp)
<note/time-domain analysis/figure/2.png>
File: note/time-domain analysis/figure/3.png Graphic file (type bmp)
<note/time-domain analysis/figure/3.png>
[11

] [12] [13]

Package hyperref Warning: Token not allowed in a PDF string (Unicode):
(hyperref)                removing `math shift' on input line 141.


Package hyperref Warning: Token not allowed in a PDF string (Unicode):
(hyperref)                removing `\zeta' on input line 141.


Package hyperref Warning: Token not allowed in a PDF string (Unicode):
(hyperref)                removing `math shift' on input line 141.


Package hyperref Warning: Token not allowed in a PDF string (Unicode):
(hyperref)                removing `math shift' on input line 186.


Package hyperref Warning: Token not allowed in a PDF string (Unicode):
(hyperref)                removing `\zeta' on input line 186.


Package hyperref Warning: Token not allowed in a PDF string (Unicode):
(hyperref)                removing `math shift' on input line 186.

[14]

Package hyperref Warning: Token not allowed in a PDF string (Unicode):
(hyperref)                removing `math shift' on input line 192.


Package hyperref Warning: Token not allowed in a PDF string (Unicode):
(hyperref)                removing `\zeta' on input line 192.


Package hyperref Warning: Token not allowed in a PDF string (Unicode):
(hyperref)                removing `math shift' on input line 192.


Package hyperref Warning: Token not allowed in a PDF string (Unicode):
(hyperref)                removing `math shift' on input line 201.


Package hyperref Warning: Token not allowed in a PDF string (Unicode):
(hyperref)                removing `\zeta' on input line 201.


Package hyperref Warning: Token not allowed in a PDF string (Unicode):
(hyperref)                removing `math shift' on input line 201.


Package hyperref Warning: Token not allowed in a PDF string (Unicode):
(hyperref)                removing `math shift' on input line 210.


Package hyperref Warning: Token not allowed in a PDF string (Unicode):
(hyperref)                removing `\zeta' on input line 210.


Package hyperref Warning: Token not allowed in a PDF string (Unicode):
(hyperref)                removing `math shift' on input line 210.


Underfull \hbox (badness 10000) in paragraph at lines 214--216

 []

File: note/time-domain analysis/figure/4.png Graphic file (type bmp)
<note/time-domain analysis/figure/4.png>

Underfull \hbox (badness 10000) in paragraph at lines 223--224

 []

[15]
File: note/time-domain analysis/figure/5.png Graphic file (type bmp)
<note/time-domain analysis/figure/5.png>
File: note/time-domain analysis/figure/6.png Graphic file (type bmp)
<note/time-domain analysis/figure/6.png>
 [16]
File: note/time-domain analysis/figure/7.png Graphic file (type bmp)
<note/time-domain analysis/figure/7.png>
File: note/time-domain analysis/figure/8.png Graphic file (type bmp)
<note/time-domain analysis/figure/8.png>
 [17]
File: note/time-domain analysis/figure/9.png Graphic file (type bmp)
<note/time-domain analysis/figure/9.png>

Underfull \hbox (badness 10000) in paragraph at lines 339--340

 []


Underfull \hbox (badness 10000) in paragraph at lines 346--347

 []

) (./note/frequency-domain analysis/frequency-domain analysis.tex [18]
Chapter 3.
File: ./figure/11.jpg Graphic file (type bmp)
<./figure/11.jpg>
File: note/frequency-domain analysis/figure/1.png Graphic file (type bmp)
<note/frequency-domain analysis/figure/1.png>
[19

]
File: note/frequency-domain analysis/figure/2.png Graphic file (type bmp)
<note/frequency-domain analysis/figure/2.png>
File: note/frequency-domain analysis/figure/3.png Graphic file (type bmp)
<note/frequency-domain analysis/figure/3.png>
File: note/frequency-domain analysis/figure/4.png Graphic file (type bmp)
<note/frequency-domain analysis/figure/4.png>
File: note/frequency-domain analysis/figure/5.png Graphic file (type bmp)
<note/frequency-domain analysis/figure/5.png>
 [20]
File: note/frequency-domain analysis/figure/6.png Graphic file (type bmp)
<note/frequency-domain analysis/figure/6.png>
File: note/frequency-domain analysis/figure/7.png Graphic file (type bmp)
<note/frequency-domain analysis/figure/7.png>
File: note/frequency-domain analysis/figure/8.png Graphic file (type bmp)
<note/frequency-domain analysis/figure/8.png>
File: note/frequency-domain analysis/figure/9.png Graphic file (type bmp)
<note/frequency-domain analysis/figure/9.png>
File: note/frequency-domain analysis/figure/10.png Graphic file (type bmp)
<note/frequency-domain analysis/figure/10.png>
 [21]
File: note/frequency-domain analysis/figure/11.png Graphic file (type bmp)
<note/frequency-domain analysis/figure/11.png>
File: note/frequency-domain analysis/figure/12.png Graphic file (type bmp)
<note/frequency-domain analysis/figure/12.png>
File: note/frequency-domain analysis/figure/13.png Graphic file (type bmp)
<note/frequency-domain analysis/figure/13.png>
 [22]) (./note/linear discrete system/linear discrete system.tex [23]
Chapter 4.
File: ./figure/12.jpg Graphic file (type bmp)
<./figure/12.jpg>
File: note/linear discrete system/figure/1.png Graphic file (type bmp)
<note/linear discrete system/figure/1.png>
[24

] [25]
File: note/linear discrete system/figure/2.png Graphic file (type bmp)
<note/linear discrete system/figure/2.png>
 [26] [27]
File: note/linear discrete system/figure/3.png Graphic file (type bmp)
<note/linear discrete system/figure/3.png>
File: note/linear discrete system/figure/4.png Graphic file (type bmp)
<note/linear discrete system/figure/4.png>
 [28]
File: note/linear discrete system/figure/5.png Graphic file (type bmp)
<note/linear discrete system/figure/5.png>
File: note/linear discrete system/figure/6.png Graphic file (type bmp)
<note/linear discrete system/figure/6.png>
 [29]
File: note/linear discrete system/figure/7.png Graphic file (type bmp)
<note/linear discrete system/figure/7.png>
File: note/linear discrete system/figure/8.png Graphic file (type bmp)
<note/linear discrete system/figure/8.png>
File: note/linear discrete system/figure/9.png Graphic file (type bmp)
<note/linear discrete system/figure/9.png>
 [30]

Package hyperref Warning: Token not allowed in a PDF string (Unicode):
(hyperref)                removing `math shift' on input line 328.


Package hyperref Warning: Token not allowed in a PDF string (Unicode):
(hyperref)                removing `math shift' on input line 328.

[31]
File: note/linear discrete system/figure/10.png Graphic file (type bmp)
<note/linear discrete system/figure/10.png>
 [32]
File: note/linear discrete system/figure/11.png Graphic file (type bmp)
<note/linear discrete system/figure/11.png>
File: note/linear discrete system/figure/12.png Graphic file (type bmp)
<note/linear discrete system/figure/12.png>
File: note/linear discrete system/figure/13.png Graphic file (type bmp)
<note/linear discrete system/figure/13.png>
 [33]) [34] (e:/latex/texlive/2024/texmf-dist/tex/generic/pgfornament/vectorian/vectorian72.pgf) (e:/latex/texlive/2024/texmf-dist/tex/generic/pgfornament/vectorian/vectorian73.pgf) (e:/latex/texlive/2024/texmf-dist/tex/generic/pgfornament/vectorian/vectorian85.pgf) (./main.ptc)
File: ./figure/cov18.pdf Graphic file (type pdf)
<use ./figure/cov18.pdf>
 [35

] (./note/state space/state space.tex
Chapter 5.
File: ./figure/8.jpg Graphic file (type bmp)
<./figure/8.jpg>

Underfull \hbox (badness 5519) in paragraph at lines 9--10
[]\TU/KaiTi(0)/b/n/10 完 全 地 表 征 系 统 时 间 域 行 为 的 最 小 个 数 的 内 部 变 量 组 称 为 系 统 的 状 态。|  组 成 这 个 变 量 组 的 变 量
 []

[36

]
File: note/state space/figure/1.png Graphic file (type bmp)
<note/state space/figure/1.png>
File: note/state space/figure/2.png Graphic file (type bmp)
<note/state space/figure/2.png>
 [37]
File: note/state space/figure/3.png Graphic file (type bmp)
<note/state space/figure/3.png>
 [38] [39]
File: note/state space/figure/4.png Graphic file (type bmp)
<note/state space/figure/4.png>
File: note/state space/figure/5.png Graphic file (type bmp)
<note/state space/figure/5.png>
File: note/state space/figure/6.png Graphic file (type bmp)
<note/state space/figure/6.png>
File: note/state space/figure/7.png Graphic file (type bmp)
<note/state space/figure/7.png>
 [40]
File: note/state space/figure/8.png Graphic file (type bmp)
<note/state space/figure/8.png>
File: note/state space/figure/9.png Graphic file (type bmp)
<note/state space/figure/9.png>
 [41] [42] [43]
File: note/state space/figure/13.png Graphic file (type bmp)
<note/state space/figure/13.png>
File: note/state space/figure/14.png Graphic file (type bmp)
<note/state space/figure/14.png>
 [44]
File: note/state space/figure/15.png Graphic file (type bmp)
<note/state space/figure/15.png>
 [45] [46] [47]
File: note/state space/figure/10.png Graphic file (type bmp)
<note/state space/figure/10.png>
File: note/state space/figure/11.png Graphic file (type bmp)
<note/state space/figure/11.png>
File: note/state space/figure/12.png Graphic file (type bmp)
<note/state space/figure/12.png>
 [48] [49] [50] [51]
File: note/state space/figure/16.png Graphic file (type bmp)
<note/state space/figure/16.png>
 [52] [53]
File: note/state space/figure/17.png Graphic file (type bmp)
<note/state space/figure/17.png>
 [54]
File: note/state space/figure/18.png Graphic file (type bmp)
<note/state space/figure/18.png>
 [55] [56] [57] [58] [59]
File: note/state space/figure/19.png Graphic file (type bmp)
<note/state space/figure/19.png>
File: note/state space/figure/20.png Graphic file (type bmp)
<note/state space/figure/20.png>
 [60] [61] [62] [63] [64] [65] [66] [67] [68]
File: note/state space/figure/23.png Graphic file (type bmp)
<note/state space/figure/23.png>
 [69] [70] [71] [72] [73] [74]
File: note/state space/figure/24.png Graphic file (type bmp)
<note/state space/figure/24.png>
 [75] [76] [77] [78] [79] [80]
File: note/state space/figure/25.png Graphic file (type bmp)
<note/state space/figure/25.png>
 [81] [82] [83]) [84] (e:/latex/texlive/2024/texmf-dist/tex/generic/pgfornament/vectorian/vectorian72.pgf) (e:/latex/texlive/2024/texmf-dist/tex/generic/pgfornament/vectorian/vectorian73.pgf) (e:/latex/texlive/2024/texmf-dist/tex/generic/pgfornament/vectorian/vectorian85.pgf) (./main.ptc)
File: ./figure/cov18.pdf Graphic file (type pdf)
<use ./figure/cov18.pdf>
 [85

] (./note/system stability/system stability.tex
Chapter 6.
File: ./figure/sd6.pdf Graphic file (type pdf)
<use ./figure/sd6.pdf>
[86

] [87]
File: note/system stability/figure/1.png Graphic file (type bmp)
<note/system stability/figure/1.png>
 [88]
File: note/system stability/figure/2.png Graphic file (type bmp)
<note/system stability/figure/2.png>
File: note/system stability/figure/3.png Graphic file (type bmp)
<note/system stability/figure/3.png>
 [89] [90]
Overfull \hbox (44.07224pt too wide) detected at line 247
\OML/ntxmi/m/it/10 e[] \U/ntxmia/m/it/10 = [] \OML/ntxmi/m/it/10 e\LMS/ntxsy/m/n/10 ¹\OML/ntxmi/m/it/10 t\LMS/ntxsy/m/n/10 º \U/ntxmia/m/it/10 = [] \OML/ntxmi/m/it/10 s^^H[]\LMS/ntxsy/m/n/10 ¹\OML/ntxmi/m/it/10 s\LMS/ntxsy/m/n/10 º\OML/ntxmi/m/it/10 R\LMS/ntxsy/m/n/10 ¹\OML/ntxmi/m/it/10 s\LMS/ntxsy/m/n/10 º \U/ntxmia/m/it/10 = [] \OML/ntxmi/m/it/10 s[]R\LMS/ntxsy/m/n/10 ¹\OML/ntxmi/m/it/10 s\LMS/ntxsy/m/n/10 º \U/ntxmia/m/it/10 = [] \OML/ntxmi/m/it/10 s[]R\LMS/ntxsy/m/n/10 ¹\OML/ntxmi/m/it/10 s\LMS/ntxsy/m/n/10 º
 []

[91]
File: note/system stability/figure/4.png Graphic file (type bmp)
<note/system stability/figure/4.png>
 [92]
File: note/system stability/figure/5.png Graphic file (type bmp)
<note/system stability/figure/5.png>
File: note/system stability/figure/6.png Graphic file (type bmp)
<note/system stability/figure/6.png>
 [93]
File: note/system stability/figure/7.png Graphic file (type bmp)
<note/system stability/figure/7.png>
 [94]
File: note/system stability/figure/8.png Graphic file (type bmp)
<note/system stability/figure/8.png>
 [95] [96]
File: note/system stability/figure/9.png Graphic file (type bmp)
<note/system stability/figure/9.png>
File: note/system stability/figure/10.png Graphic file (type bmp)
<note/system stability/figure/10.png>
 [97]

Package hyperref Warning: Token not allowed in a PDF string (Unicode):
(hyperref)                removing `math shift' on input line 653.


Package hyperref Warning: Token not allowed in a PDF string (Unicode):
(hyperref)                removing `math shift' on input line 653.


Package hyperref Warning: Token not allowed in a PDF string (Unicode):
(hyperref)                removing `math shift' on input line 653.


Package hyperref Warning: Token not allowed in a PDF string (Unicode):
(hyperref)                removing `math shift' on input line 653.

[98]
File: note/system stability/figure/11.png Graphic file (type bmp)
<note/system stability/figure/11.png>
File: note/system stability/figure/12.png Graphic file (type bmp)
<note/system stability/figure/12.png>
 [99]
File: note/system stability/figure/13.png Graphic file (type bmp)
<note/system stability/figure/13.png>
File: note/system stability/figure/14.png Graphic file (type bmp)
<note/system stability/figure/14.png>
File: note/system stability/figure/15.png Graphic file (type bmp)
<note/system stability/figure/15.png>
 [100]
File: note/system stability/figure/16.png Graphic file (type bmp)
<note/system stability/figure/16.png>
 [101]
File: note/system stability/figure/17.png Graphic file (type bmp)
<note/system stability/figure/17.png>
 [102] [103] [104] [105]
File: note/system stability/figure/18.png Graphic file (type bmp)
<note/system stability/figure/18.png>
) [106] (e:/latex/texlive/2024/texmf-dist/tex/generic/pgfornament/vectorian/vectorian72.pgf) (e:/latex/texlive/2024/texmf-dist/tex/generic/pgfornament/vectorian/vectorian73.pgf) (e:/latex/texlive/2024/texmf-dist/tex/generic/pgfornament/vectorian/vectorian85.pgf) (./main.ptc)
File: ./figure/cov18.pdf Graphic file (type pdf)
<use ./figure/cov18.pdf>
 [107

] (./note/performance metrics/performance metrics.tex
Chapter 7.
File: ./figure/13.jpg Graphic file (type bmp)
<./figure/13.jpg>
File: note/performance metrics/figure/1.png Graphic file (type bmp)
<note/performance metrics/figure/1.png>
File: note/performance metrics/figure/2.png Graphic file (type bmp)
<note/performance metrics/figure/2.png>
[108

]
File: note/performance metrics/figure/1.png Graphic file (type bmp)
<note/performance metrics/figure/1.png>
File: note/performance metrics/figure/3.png Graphic file (type bmp)
<note/performance metrics/figure/3.png>
 [109]
File: note/performance metrics/figure/4.png Graphic file (type bmp)
<note/performance metrics/figure/4.png>
 [110]
File: note/performance metrics/figure/5.png Graphic file (type bmp)
<note/performance metrics/figure/5.png>
File: note/performance metrics/figure/6.png Graphic file (type bmp)
<note/performance metrics/figure/6.png>
 [111]
File: note/performance metrics/figure/7.png Graphic file (type bmp)
<note/performance metrics/figure/7.png>
File: note/performance metrics/figure/8.png Graphic file (type bmp)
<note/performance metrics/figure/8.png>
 [112]
File: note/performance metrics/figure/9.png Graphic file (type bmp)
<note/performance metrics/figure/9.png>
 [113]
File: note/performance metrics/figure/10.png Graphic file (type bmp)
<note/performance metrics/figure/10.png>
File: note/performance metrics/figure/11.png Graphic file (type bmp)
<note/performance metrics/figure/11.png>
File: note/performance metrics/figure/12.png Graphic file (type bmp)
<note/performance metrics/figure/12.png>
 [114]
File: note/performance metrics/figure/13.png Graphic file (type bmp)
<note/performance metrics/figure/13.png>
File: note/performance metrics/figure/14.png Graphic file (type bmp)
<note/performance metrics/figure/14.png>
) (./note/frequency correction/frequency correction.tex [115]
Chapter 8.
File: ./figure/14.jpg Graphic file (type bmp)
<./figure/14.jpg>
File: note/frequency correction/figure/1.png Graphic file (type bmp)
<note/frequency correction/figure/1.png>
[116

] [117]
File: note/frequency correction/figure/2.png Graphic file (type bmp)
<note/frequency correction/figure/2.png>
 [118] [119] [120] [121] [122]
File: note/frequency correction/figure/3.png Graphic file (type bmp)
<note/frequency correction/figure/3.png>
 [123]) (./note/root locus correction/root locus correction.tex [124]
Chapter 9.
File: ./figure/15.jpg Graphic file (type bmp)
<./figure/15.jpg>
File: note/root locus correction/figure/1.png Graphic file (type bmp)
<note/root locus correction/figure/1.png>
[125

]
File: note/root locus correction/figure/2.png Graphic file (type bmp)
<note/root locus correction/figure/2.png>
 [126] [127]) (./note/PID design/PID design.tex [128]
Chapter 10.
File: ./figure/16.jpg Graphic file (type bmp)
<./figure/16.jpg>
File: note/PID design/figure/1.png Graphic file (type bmp)
<note/PID design/figure/1.png>
File: note/PID design/figure/2.png Graphic file (type bmp)
<note/PID design/figure/2.png>
[129

]
File: note/PID design/figure/3.png Graphic file (type bmp)
<note/PID design/figure/3.png>
File: note/PID design/figure/4.png Graphic file (type bmp)
<note/PID design/figure/4.png>
 [130]
File: note/PID design/figure/5.png Graphic file (type bmp)
<note/PID design/figure/5.png>
File: note/PID design/figure/6.png Graphic file (type bmp)
<note/PID design/figure/6.png>
File: note/PID design/figure/7.png Graphic file (type bmp)
<note/PID design/figure/7.png>
File: note/PID design/figure/8.png Graphic file (type bmp)
<note/PID design/figure/8.png>
File: note/PID design/figure/9.png Graphic file (type bmp)
<note/PID design/figure/9.png>
 [131]
File: note/PID design/figure/10.png Graphic file (type bmp)
<note/PID design/figure/10.png>
File: note/PID design/figure/11.png Graphic file (type bmp)
<note/PID design/figure/11.png>
) (./note/discrete system correction/discrete system correction.tex [132]
Chapter 11.
File: ./figure/17.jpg Graphic file (type bmp)
<./figure/17.jpg>
[133

]
File: note/discrete system correction/figure/1.png Graphic file (type bmp)
<note/discrete system correction/figure/1.png>
File: note/discrete system correction/figure/2.png Graphic file (type bmp)
<note/discrete system correction/figure/2.png>
File: note/discrete system correction/figure/3.png Graphic file (type bmp)
<note/discrete system correction/figure/3.png>
 [134]) [135] (e:/latex/texlive/2024/texmf-dist/tex/generic/pgfornament/vectorian/vectorian72.pgf) (e:/latex/texlive/2024/texmf-dist/tex/generic/pgfornament/vectorian/vectorian73.pgf) (e:/latex/texlive/2024/texmf-dist/tex/generic/pgfornament/vectorian/vectorian85.pgf) (./main.ptc)
File: ./figure/cov18.pdf Graphic file (type pdf)
<use ./figure/cov18.pdf>
 [136

] (./note/nonlinear system/nonlinear system.tex
Chapter 12.
File: ./figure/7.jpg Graphic file (type bmp)
<./figure/7.jpg>
File: note/nonlinear system/figure/1.png Graphic file (type bmp)
<note/nonlinear system/figure/1.png>
[137

]
File: note/nonlinear system/figure/2.png Graphic file (type bmp)
<note/nonlinear system/figure/2.png>
File: note/nonlinear system/figure/3.png Graphic file (type bmp)
<note/nonlinear system/figure/3.png>
File: note/nonlinear system/figure/4.png Graphic file (type bmp)
<note/nonlinear system/figure/4.png>
 [138]
File: note/nonlinear system/figure/5.png Graphic file (type bmp)
<note/nonlinear system/figure/5.png>
File: note/nonlinear system/figure/6.png Graphic file (type bmp)
<note/nonlinear system/figure/6.png>
File: note/nonlinear system/figure/7.png Graphic file (type bmp)
<note/nonlinear system/figure/7.png>
File: note/nonlinear system/figure/8.png Graphic file (type bmp)
<note/nonlinear system/figure/8.png>
 [139]
File: note/nonlinear system/figure/9.png Graphic file (type bmp)
<note/nonlinear system/figure/9.png>
 [140]
File: note/nonlinear system/figure/10.png Graphic file (type bmp)
<note/nonlinear system/figure/10.png>
File: note/nonlinear system/figure/11.png Graphic file (type bmp)
<note/nonlinear system/figure/11.png>
 [141]
File: note/nonlinear system/figure/12.png Graphic file (type bmp)
<note/nonlinear system/figure/12.png>
 [142]
File: note/nonlinear system/figure/13.png Graphic file (type bmp)
<note/nonlinear system/figure/13.png>
 [143]
File: note/nonlinear system/figure/14.png Graphic file (type bmp)
<note/nonlinear system/figure/14.png>
 [144]
File: note/nonlinear system/figure/15.png Graphic file (type bmp)
<note/nonlinear system/figure/15.png>
File: note/nonlinear system/figure/16.png Graphic file (type bmp)
<note/nonlinear system/figure/16.png>
File: note/nonlinear system/figure/17.png Graphic file (type bmp)
<note/nonlinear system/figure/17.png>
 [145]
File: note/nonlinear system/figure/9.png Graphic file (type bmp)
<note/nonlinear system/figure/9.png>
File: note/nonlinear system/figure/18.png Graphic file (type bmp)
<note/nonlinear system/figure/18.png>
 [146]
File: note/nonlinear system/figure/19.png Graphic file (type bmp)
<note/nonlinear system/figure/19.png>
File: note/nonlinear system/figure/20.png Graphic file (type bmp)
<note/nonlinear system/figure/20.png>
File: note/nonlinear system/figure/21.png Graphic file (type bmp)
<note/nonlinear system/figure/21.png>
File: note/nonlinear system/figure/22.png Graphic file (type bmp)
<note/nonlinear system/figure/22.png>
File: note/nonlinear system/figure/23.png Graphic file (type bmp)
<note/nonlinear system/figure/23.png>
 [147] [148] [149] [150]
File: note/nonlinear system/figure/24.png Graphic file (type bmp)
<note/nonlinear system/figure/24.png>
File: note/nonlinear system/figure/25.png Graphic file (type bmp)
<note/nonlinear system/figure/25.png>
File: note/nonlinear system/figure/26.png Graphic file (type bmp)
<note/nonlinear system/figure/26.png>
File: note/nonlinear system/figure/27.png Graphic file (type bmp)
<note/nonlinear system/figure/27.png>
 [151]
File: note/nonlinear system/figure/28.png Graphic file (type bmp)
<note/nonlinear system/figure/28.png>
File: note/nonlinear system/figure/29.png Graphic file (type bmp)
<note/nonlinear system/figure/29.png>
File: note/nonlinear system/figure/30.png Graphic file (type bmp)
<note/nonlinear system/figure/30.png>
 [152]
File: note/nonlinear system/figure/31.png Graphic file (type bmp)
<note/nonlinear system/figure/31.png>
File: note/nonlinear system/figure/32.png Graphic file (type bmp)
<note/nonlinear system/figure/32.png>
 [153]
File: note/nonlinear system/figure/33.png Graphic file (type bmp)
<note/nonlinear system/figure/33.png>
File: note/nonlinear system/figure/34.png Graphic file (type bmp)
<note/nonlinear system/figure/34.png>
File: note/nonlinear system/figure/35.png Graphic file (type bmp)
<note/nonlinear system/figure/35.png>
 [154] [155])
\tf@ptc=\write10
\openout10 = `main.ptc'.

 [156] (./main.aux)
 ***********
LaTeX2e <2023-11-01> patch level 1
L3 programming layer <2020/04/10>
 ***********


LaTeX Font Warning: Some font shapes were not available, defaults substituted.


LaTeX Warning: There were multiply-defined labels.

Package rerunfilecheck Info: File `main.out' has not changed.
(rerunfilecheck)             Checksum: 8AC290C9A1FC8F19F21AB4712E01F775;49725.
Package logreq Info: Writing requests to 'main.run.xml'.
\openout1 = `main.run.xml'.

 ) 
Here is how much of TeX's memory you used:
 56788 strings out of 474773
 1232738 string characters out of 5758619
 2300518 words of memory out of 5000000
 77742 multiletter control sequences out of 15000+600000
 620378 words of font info for 293 fonts, out of 8000000 for 9000
 1348 hyphenation exceptions out of 8191
 103i,30n,136p,832b,1602s stack positions out of 10000i,1000n,20000p,200000b,200000s

Output written on main.pdf (165 pages).
